Cell area,Cell mean_intensity,Nuclei area,Nuclei mean_intensity,Cyto area,Cyto mean_intensity,Marker,Condition,Id
19790,1473.307428,966,8407.890269,18824,1117.442201,Concanavadin A,Fw1,0
19790,213.9408792,966,300.3902692,18824,209.5045155,APC,Fw1,0
19790,87.49802931,966,94.75258799,18824,87.12574373,Cyclin D1,Fw1,0
19790,261.5072764,966,895.0983437,18824,228.9929877,Cyclin E,Fw1,0
19790,225.0339565,966,385.2691511,18824,216.8110922,EMMPRIN,Fw1,0
19790,125.1535624,966,66.68944099,18824,128.153793,WNT-1,Fw1,0
19790,352.8143002,966,1135.272257,18824,312.6605397,Non-phospho-B-catenin,Fw1,0
19790,114.0109651,966,113.7060041,18824,114.026615,DKK1,Fw1,0
28670,1622.156854,4147,4762.052086,24523,1091.179994,Concanavadin A,Fw1,1
28670,277.0225671,4147,345.7484929,24523,265.4005627,APC,Fw1,1
28670,87.68311824,4147,92.71063419,24523,86.83293235,Cyclin D1,Fw1,1
28670,324.1428322,4147,931.4719074,24523,221.4395058,Cyclin E,Fw1,1
28670,245.5296128,4147,379.6226188,24523,222.8536068,EMMPRIN,Fw1,1
28670,113.7517614,4147,85.10055462,24523,118.5968682,WNT-1,Fw1,1
28670,402.4642832,4147,1205.22667,24523,266.7119031,Non-phospho-B-catenin,Fw1,1
28670,116.8827694,4147,114.2630817,24523,117.3257758,DKK1,Fw1,1
34505,2041.741748,5023,5264.048377,29482,1492.740791,Concanavadin A,Fw1,2
34505,296.6424286,5023,403.1178579,29482,278.501662,APC,Fw1,2
34505,95.6172149,5023,93.30579335,29482,96.01102368,Cyclin D1,Fw1,2
34505,411.6751195,5023,1147.585706,29482,286.2942473,Cyclin E,Fw1,2
34505,312.0999855,5023,549.4939279,29482,271.6539583,EMMPRIN,Fw1,2
34505,117.4607448,5023,73.12283496,29482,125.0148226,WNT-1,Fw1,2
34505,492.4286046,5023,1492.736413,29482,322.0010176,Non-phospho-B-catenin,Fw1,2
34505,116.4055064,5023,118.9910412,29482,115.9649956,DKK1,Fw1,2
31822,2031.437559,4938,3925.978534,26884,1683.452016,Concanavadin A,Fw1,3
31822,285.6258249,4938,354.8904415,26884,272.903437,APC,Fw1,3
31822,90.90211175,4938,93.43782908,26884,90.4363562,Cyclin D1,Fw1,3
31822,407.7616743,4938,1199.818348,26884,262.2782696,Cyclin E,Fw1,3
31822,282.0819873,4938,403.1968408,26884,259.8358503,EMMPRIN,Fw1,3
31822,128.5525423,4938,59.81348724,26884,141.1783961,WNT-1,Fw1,3
31822,485.3165734,4938,1461.511543,26884,306.0110103,Non-phospho-B-catenin,Fw1,3
31822,114.6919113,4938,114.5093155,26884,114.7254501,DKK1,Fw1,3
53209,1670.118721,7220,3246.660526,45989,1422.611016,Concanavadin A,Fw1,4
53209,289.4845609,7220,350.2518006,45989,279.944465,APC,Fw1,4
53209,91.53381947,7220,93.69362881,45989,91.19474222,Cyclin D1,Fw1,4
53209,480.1830517,7220,991.7105263,45989,399.8762748,Cyclin E,Fw1,4
53209,371.4279163,7220,461.6031856,45989,357.2709344,EMMPRIN,Fw1,4
53209,124.0731455,7220,68.72700831,45989,132.7621605,WNT-1,Fw1,4
53209,524.625646,7220,1353.256925,45989,394.5354541,Non-phospho-B-catenin,Fw1,4
53209,118.5928884,7220,117.4699446,45989,118.7691839,DKK1,Fw1,4
35755,2206.504041,5626,3119.877,30129,2035.94955,Concanavadin A,Fw1,5
35755,355.2574185,5626,352.2979026,30129,355.8100501,APC,Fw1,5
35755,93.89500769,5626,92.73977959,30129,94.11072389,Cyclin D1,Fw1,5
35755,438.4768284,5626,1169.211162,30129,302.0265193,Cyclin E,Fw1,5
35755,369.8510418,5626,488.9379666,30129,347.6138936,EMMPRIN,Fw1,5
35755,140.5547476,5626,61.80092428,30129,155.2604799,WNT-1,Fw1,5
35755,549.3498532,5626,1410.661216,30129,388.5168442,Non-phospho-B-catenin,Fw1,5
35755,123.6503985,5626,118.7531106,30129,124.5648711,DKK1,Fw1,5
55448,2324.194903,6157,7691.64788,49291,1653.739689,Concanavadin A,Fw1,6
55448,315.715409,6157,511.1971739,49291,291.2975391,APC,Fw1,6
55448,96.2841942,6157,105.5000812,49291,95.13302631,Cyclin D1,Fw1,6
55448,516.5231388,6157,1273.42342,49291,421.977785,Cyclin E,Fw1,6
55448,362.5403621,6157,572.9074224,49291,336.2631515,EMMPRIN,Fw1,6
55448,161.450945,6157,70.03540685,49291,172.8697734,WNT-1,Fw1,6
55448,596.1765438,6157,1756.880949,49291,451.1915157,Non-phospho-B-catenin,Fw1,6
55448,125.7333898,6157,125.2080559,49291,125.79901,DKK1,Fw1,6
25519,4476.948431,3991,10740.96041,21528,3315.68534,Concanavadin A,Fw1,7
25519,401.0867589,3991,643.7176146,21528,356.1062802,APC,Fw1,7
25519,100.107998,3991,108.4580306,21528,98.56001486,Cyclin D1,Fw1,7
25519,730.4944943,3991,1559.772989,21528,576.7574786,Cyclin E,Fw1,7
25519,421.7897645,3991,718.5890754,21528,366.7671869,EMMPRIN,Fw1,7
25519,176.648458,3991,110.6244049,21528,188.8884244,WNT-1,Fw1,7
25519,707.7542223,3991,2036.781258,21528,461.3705871,Non-phospho-B-catenin,Fw1,7
25519,129.0269603,3991,135.599098,21528,127.8085749,DKK1,Fw1,7
52573,2127.977118,7568,1444.059461,45005,2242.984091,Concanavadin A,Fw1,8
52573,392.6381983,7568,242.8923097,45005,417.8193312,APC,Fw1,8
52573,96.67631674,7568,82.45414905,45005,99.06790357,Cyclin D1,Fw1,8
52573,403.404333,7568,495.5339588,45005,387.9118987,Cyclin E,Fw1,8
52573,302.4206151,7568,378.7452431,45005,289.5859349,EMMPRIN,Fw1,8
52573,129.0492268,7568,20.2679704,45005,147.3417842,WNT-1,Fw1,8
52573,423.3687825,7568,1153.492468,45005,300.5918454,Non-phospho-B-catenin,Fw1,8
52573,109.9467217,7568,86.25607822,45005,113.9305188,DKK1,Fw1,8
53685,3234.107777,6013,5917.057875,47672,2895.699929,Concanavadin A,Fw1,9
53685,354.2720127,6013,485.3156494,47672,337.7431197,APC,Fw1,9
53685,98.82987799,6013,105.8144021,47672,97.94890082,Cyclin D1,Fw1,9
53685,502.7872404,6013,1327.007484,47672,398.8260824,Cyclin E,Fw1,9
53685,372.0538698,6013,667.3405954,47672,334.8085459,EMMPRIN,Fw1,9
53685,161.055211,6013,66.34608349,47672,173.0011327,WNT-1,Fw1,9
53685,564.5673466,6013,1789.129553,47672,410.1099597,Non-phospho-B-catenin,Fw1,9
53685,128.0774332,6013,130.0049892,47672,127.8343053,DKK1,Fw1,9
28509,3322.689326,7532,9005.285714,20977,1282.296706,Concanavadin A,Fw1,10
28509,461.4904416,7532,582.3178439,20977,418.1061639,APC,Fw1,10
28509,101.4306009,7532,108.9022836,20977,98.74781904,Cyclin D1,Fw1,10
28509,718.0176786,7532,1754.138874,20977,345.9880822,Cyclin E,Fw1,10
28509,462.364306,7532,761.8000531,20977,354.8489298,EMMPRIN,Fw1,10
28509,198.710758,7532,106.8894052,20977,231.6801259,WNT-1,Fw1,10
28509,872.683293,7532,2174.005842,20977,405.4305191,Non-phospho-B-catenin,Fw1,10
28509,128.7774387,7532,136.822889,20977,125.8886399,DKK1,Fw1,10
66534,2817.535441,6080,5458.95477,60454,2551.881728,Concanavadin A,Fw1,11
66534,394.8174617,6080,421.0754934,60454,392.1766302,APC,Fw1,11
66534,99.11022936,6080,101.8292763,60454,98.83676845,Cyclin D1,Fw1,11
66534,477.1189166,6080,1596.595559,60454,364.5305356,Cyclin E,Fw1,11
66534,404.6748129,6080,791.1230263,60454,365.8088133,EMMPRIN,Fw1,11
66534,138.4344997,6080,70.93552632,60454,145.2230291,WNT-1,Fw1,11
66534,586.089443,6080,2164.477796,60454,427.3472392,Non-phospho-B-catenin,Fw1,11
66534,125.7122223,6080,133.7138158,60454,124.9074834,DKK1,Fw1,11
34141,3682.31367,4927,6523.904201,29214,3203.073698,Concanavadin A,Fw1,12
34141,368.0267128,4927,443.6092957,29214,355.2795577,APC,Fw1,12
34141,93.62397118,4927,99.73492998,29214,92.59334566,Cyclin D1,Fw1,12
34141,557.3256788,4927,1412.873351,29214,413.035839,Cyclin E,Fw1,12
34141,382.8086465,4927,621.0263852,29214,342.6327446,EMMPRIN,Fw1,12
34141,163.1048593,4927,69.92084433,29214,178.8205313,WNT-1,Fw1,12
34141,625.2461849,4927,1736.322103,29214,437.8609913,Non-phospho-B-catenin,Fw1,12
34141,124.1740429,4927,121.2668967,29214,124.664339,DKK1,Fw1,12
27722,3588.692663,4771,4775.21987,22951,3342.040173,Concanavadin A,Fw1,13
27722,358.2145228,4771,435.5904423,22951,342.1297983,APC,Fw1,13
27722,97.32140538,4771,100.5374135,22951,96.65286916,Cyclin D1,Fw1,13
27722,851.57871,4771,1244.228464,22951,769.9556011,Cyclin E,Fw1,13
27722,413.9662001,4771,525.634039,22951,390.7529519,EMMPRIN,Fw1,13
27722,179.2698218,4771,56.78809474,22951,204.7310357,WNT-1,Fw1,13
27722,669.2237934,4771,1700.814504,22951,454.7791382,Non-phospho-B-catenin,Fw1,13
27722,125.7553207,4771,122.2127437,22951,126.4917433,DKK1,Fw1,13
99323,2697.872165,8398,5692.737199,90925,2421.260929,Concanavadin A,Fw1,14
99323,328.8914652,8398,481.0177423,90925,314.8408029,APC,Fw1,14
99323,94.68841054,8398,104.8502024,90925,93.74984878,Cyclin D1,Fw1,14
99323,508.9815551,8398,1484.442963,90925,418.8861479,Cyclin E,Fw1,14
99323,379.9777594,8398,682.6764706,90925,352.0199505,EMMPRIN,Fw1,14
99323,148.9489544,8398,49.22600619,90925,158.1595491,WNT-1,Fw1,14
99323,534.6783625,8398,2255.165992,90925,375.7709651,Non-phospho-B-catenin,Fw1,14
99323,126.6403653,8398,117.9836866,90925,127.439912,DKK1,Fw1,14
69300,1735.215786,6386,5338.832289,62914,1369.435595,Concanavadin A,Fw1,15
69300,340.2522655,6386,503.7503915,62914,323.6566106,APC,Fw1,15
69300,98.39759019,6386,109.5543376,62914,97.26513971,Cyclin D1,Fw1,15
69300,477.5104329,6386,1556.526464,62914,367.9863782,Cyclin E,Fw1,15
69300,355.0956277,6386,616.7904792,62914,328.5326477,EMMPRIN,Fw1,15
69300,128.7823954,6386,87.49013467,62914,132.9737101,WNT-1,Fw1,15
69300,601.5317316,6386,2028.600689,62914,456.6790381,Non-phospho-B-catenin,Fw1,15
69300,126.15443,6386,132.9522393,62914,125.4644276,DKK1,Fw1,15
33044,5265.396441,5827,9639.278531,27217,4328.97395,Concanavadin A,Fw1,16
33044,480.1064944,5827,704.2620559,27217,432.1161039,APC,Fw1,16
33044,103.5482387,5827,112.2392312,27217,101.6875482,Cyclin D1,Fw1,16
33044,649.4662874,5827,2016.465763,27217,356.7997208,Cyclin E,Fw1,16
33044,415.7566275,5827,812.2306504,27217,330.8738656,EMMPRIN,Fw1,16
33044,242.0337429,5827,96.72146902,27217,273.1442481,WNT-1,Fw1,16
33044,756.9729754,5827,2550.946628,27217,372.8937429,Non-phospho-B-catenin,Fw1,16
33044,133.5511439,5827,125.0509696,27217,135.3709814,DKK1,Fw1,16
31574,6608.49715,5192,9944.761556,26382,5951.917482,Concanavadin A,Fw1,17
31574,488.5980237,5192,648.1365562,26382,457.200705,APC,Fw1,17
31574,112.8000253,5192,114.008282,26382,112.5622394,Cyclin D1,Fw1,17
31574,611.2296827,5192,1881.488444,26382,361.2416799,Cyclin E,Fw1,17
31574,464.1485716,5192,848.0344761,26382,388.5994997,EMMPRIN,Fw1,17
31574,169.2033002,5192,127.7552003,26382,177.3603214,WNT-1,Fw1,17
31574,788.3982391,5192,2374.758667,26382,476.2011599,Non-phospho-B-catenin,Fw1,17
31574,142.4072338,5192,137.0631741,26382,143.4589493,DKK1,Fw1,17
57763,3524.417724,5948,5464.630128,51815,3301.694895,Concanavadin A,Fw1,18
57763,416.7865589,5948,494.7980834,51815,407.8313809,APC,Fw1,18
57763,99.95659851,5948,98.40030262,51815,100.1352504,Cyclin D1,Fw1,18
57763,539.416495,5948,1266.402488,51815,455.963582,Cyclin E,Fw1,18
57763,383.9938888,5948,726.1795562,51815,344.7133649,EMMPRIN,Fw1,18
57763,182.9026713,5948,69.97528581,51815,195.8659462,WNT-1,Fw1,18
57763,550.6614096,5948,1811.989408,51815,405.8697674,Non-phospho-B-catenin,Fw1,18
57763,129.3470388,5948,124.2479825,51815,129.9323748,DKK1,Fw1,18
35681,2881.642527,9326,3690.561977,26355,2595.397685,Concanavadin A,Fw1,19
35681,419.9487963,9326,500.6328544,26355,391.3978752,APC,Fw1,19
35681,96.33314649,9326,98.49174351,26355,95.56930374,Cyclin D1,Fw1,19
35681,637.5746756,9326,1501.363285,26355,331.9137924,Cyclin E,Fw1,19
35681,429.2969087,9326,602.7905855,26355,367.9043066,EMMPRIN,Fw1,19
35681,138.2386144,9326,63.50739867,26355,164.6830582,WNT-1,Fw1,19
35681,822.492531,9326,1895.413039,26355,442.8280782,Non-phospho-B-catenin,Fw1,19
35681,122.211345,9326,121.9685825,26355,122.2972491,DKK1,Fw1,19
18126,5904.158667,6345,10272.49708,11781,3551.463034,Concanavadin A,Fw1,20
18126,457.5215712,6345,667.0408195,11781,344.6788897,APC,Fw1,20
18126,110.6644599,6345,116.2732861,11781,107.6436635,Cyclin D1,Fw1,20
18126,995.0532936,6345,1960.436564,11781,475.1180715,Cyclin E,Fw1,20
18126,513.0347567,6345,621.4980299,11781,454.6187081,EMMPRIN,Fw1,20
18126,402.3813307,6345,51.93790386,11781,591.1228249,WNT-1,Fw1,20
18126,1105.46425,6345,2229.958235,11781,499.8353281,Non-phospho-B-catenin,Fw1,20
18126,133.7845636,6345,143.107171,11781,128.7636024,DKK1,Fw1,20
33874,1896.492413,4957,3718.119427,28917,1584.226095,Concanavadin A,Fw1,21
33874,294.0149672,4957,474.2259431,28917,263.1229035,APC,Fw1,21
33874,95.23053079,4957,100.133952,28917,94.38997821,Cyclin D1,Fw1,21
33874,483.9451202,4957,1478.784345,28917,313.4081336,Cyclin E,Fw1,21
33874,389.1807581,4957,630.9255598,28917,347.7404641,EMMPRIN,Fw1,21
33874,114.1026156,4957,59.96045996,28917,123.3837535,WNT-1,Fw1,21
33874,606.7421917,4957,1998.631834,28917,368.1421655,Non-phospho-B-catenin,Fw1,21
33874,123.371701,4957,124.862215,28917,123.1161946,DKK1,Fw1,21
35247,1833.705705,5305,5488.692554,29942,1186.130218,Concanavadin A,Fw1,22
35247,359.087894,5305,574.7873704,29942,320.8711509,APC,Fw1,22
35247,95.68564701,5305,102.1555137,29942,94.53934273,Cyclin D1,Fw1,22
35247,493.6273725,5305,1262.283883,29942,357.439984,Cyclin E,Fw1,22
35247,356.2373535,5305,502.328935,29942,330.35345,EMMPRIN,Fw1,22
35247,132.9661531,5305,108.2686145,29942,137.3419611,WNT-1,Fw1,22
35247,613.149034,5305,1667.053157,29942,426.4226505,Non-phospho-B-catenin,Fw1,22
35247,125.8878202,5305,131.9624882,29942,124.8115356,DKK1,Fw1,22
37783,3119.461372,6008,6836.757656,31775,2416.596979,Concanavadin A,Fw1,23
37783,387.8315645,6008,527.5136485,31775,361.4205507,APC,Fw1,23
37783,97.28073472,6008,107.3878162,31775,95.36969315,Cyclin D1,Fw1,23
37783,707.0518752,6008,2259.418109,31775,413.5312982,Cyclin E,Fw1,23
37783,409.6190879,6008,680.8075899,31775,358.3429111,EMMPRIN,Fw1,23
37783,141.4306699,6008,50.03045939,31775,158.7125728,WNT-1,Fw1,23
37783,711.8328084,6008,2531.234188,31775,367.821369,Non-phospho-B-catenin,Fw1,23
37783,124.2416695,6008,129.450233,31775,123.2568371,DKK1,Fw1,23
57571,3982.041983,5215,8792.724257,52356,3502.866567,Concanavadin A,Fw1,24
57571,455.742214,5215,572.9096836,52356,444.0715677,APC,Fw1,24
57571,98.71966789,5215,111.9348035,52356,97.40335396,Cyclin D1,Fw1,24
57571,467.896024,5215,1661.127133,52356,349.042402,Cyclin E,Fw1,24
57571,395.8994112,5215,848.4788111,52356,350.8195431,EMMPRIN,Fw1,24
57571,176.09543,5215,148.5769895,52356,178.8364466,WNT-1,Fw1,24
57571,606.9422452,5215,2175.716395,52356,450.6820804,Non-phospho-B-catenin,Fw1,24
57571,138.5751333,5215,142.3188878,52356,138.2022309,DKK1,Fw1,24
64488,3446.625341,11307,7835.69373,53181,2513.450029,Concanavadin A,Fw1,25
64488,440.0639654,11307,538.7213231,53181,419.0880766,APC,Fw1,25
64488,100.6473918,11307,111.1462811,53181,98.41518587,Cyclin D1,Fw1,25
64488,598.7077131,11307,2401.896878,53181,215.3253041,Cyclin E,Fw1,25
64488,406.6966567,11307,703.1140002,53181,343.6743198,EMMPRIN,Fw1,25
64488,222.5352934,11307,64.07464403,53181,256.226171,WNT-1,Fw1,25
64488,655.4763832,11307,2422.574865,53181,279.7673417,Non-phospho-B-catenin,Fw1,25
64488,132.0391081,11307,127.8797205,53181,132.9234501,DKK1,Fw1,25
49964,1886.449083,5437,7037.514806,44527,1257.474656,Concanavadin A,Fw1,26
49964,300.8404451,5437,489.1951444,44527,277.8412649,APC,Fw1,26
49964,92.19678168,5437,97.84329594,44527,91.50731017,Cyclin D1,Fw1,26
49964,469.3189697,5437,1307.021703,44527,367.0307005,Cyclin E,Fw1,26
49964,339.6687615,5437,617.9439029,44527,305.6897837,EMMPRIN,Fw1,26
49964,141.8692258,5437,101.1305867,44527,146.8436454,WNT-1,Fw1,26
49964,548.9024898,5437,1736.812764,44527,403.8518876,Non-phospho-B-catenin,Fw1,26
49964,118.6549716,5437,124.6393232,44527,117.9242482,DKK1,Fw1,26
39784,2775.920496,4783,10674.0529,35001,1696.615125,Concanavadin A,Fw1,27
39784,356.0220943,4783,620.5682626,35001,319.8710037,APC,Fw1,27
39784,95.84244923,4783,104.4461635,35001,94.66672381,Cyclin D1,Fw1,27
39784,463.0744018,4783,1469.027807,35001,325.6076112,Cyclin E,Fw1,27
39784,353.6178363,4783,881.5879155,35001,281.4690152,EMMPRIN,Fw1,27
39784,165.2832797,4783,126.3660882,35001,170.60144,WNT-1,Fw1,27
39784,583.4961291,4783,1880.521012,35001,406.2534785,Non-phospho-B-catenin,Fw1,27
39784,127.3578323,4783,131.5034497,35001,126.7913202,DKK1,Fw1,27
53940,2985.281016,7190,7686.738108,46750,2262.212,Concanavadin A,Fw1,28
53940,365.3468669,7190,524.2892907,46750,340.9020321,APC,Fw1,28
53940,92.40810159,7190,104.5132128,46750,90.54637433,Cyclin D1,Fw1,28
53940,470.781739,7190,2025.761196,46750,231.6308877,Cyclin E,Fw1,28
53940,370.5011494,7190,625.7599444,46750,331.2431658,EMMPRIN,Fw1,28
53940,125.5490916,7190,85.51515994,46750,131.7061818,WNT-1,Fw1,28
53940,557.3407675,7190,2219.434075,46750,301.7161497,Non-phospho-B-catenin,Fw1,28
53940,122.2726177,7190,127.9646732,46750,121.3971979,DKK1,Fw1,28
59726,1842.94242,8102,5843.099358,51624,1215.147761,Concanavadin A,Fw1,29
59726,391.2637712,8102,430.5531967,51624,385.0975903,APC,Fw1,29
59726,95.47396444,8102,100.3621328,51624,94.70680304,Cyclin D1,Fw1,29
59726,420.5176473,8102,1558.292027,51624,241.9524833,Cyclin E,Fw1,29
59726,330.4977564,8102,592.6250309,51624,289.3588447,EMMPRIN,Fw1,29
59726,134.3874694,8102,79.55751666,51624,142.9926197,WNT-1,Fw1,29
59726,523.3866825,8102,1979.571094,51624,294.8494499,Non-phospho-B-catenin,Fw1,29
59726,123.9127683,8102,125.6237966,51624,123.6442352,DKK1,Fw1,29
54366,2308.908012,5972,5006.223711,48394,1976.0492,Concanavadin A,Fw1,30
54366,273.6998124,5972,464.3913262,48394,250.1677687,APC,Fw1,30
54366,89.98513777,5972,99.08389149,48394,88.86231764,Cyclin D1,Fw1,30
54366,393.3585697,5972,1382.394843,48394,271.3078068,Cyclin E,Fw1,30
54366,333.9557444,5972,543.5229404,48394,308.0943712,EMMPRIN,Fw1,30
54366,139.119045,5972,71.11738111,48394,147.5107038,WNT-1,Fw1,30
54366,476.7917816,5972,1551.835901,48394,344.1273298,Non-phospho-B-catenin,Fw1,30
54366,118.1588493,5972,118.8739116,48394,118.0706079,DKK1,Fw1,30
24497,1614.280851,3223,4346.300341,21274,1200.381311,Concanavadin A,Fw1,31
24497,382.4625873,3223,386.4148309,21274,381.8638244,APC,Fw1,31
24497,96.84687921,3223,93.48278002,21274,97.3565385,Cyclin D1,Fw1,31
24497,365.0143691,3223,1242.665219,21274,232.0507192,Cyclin E,Fw1,31
24497,291.1205454,3223,391.4992243,21274,275.9132274,EMMPRIN,Fw1,31
24497,139.9328489,3223,59.71082842,21274,152.0864435,WNT-1,Fw1,31
24497,459.176144,3223,1571.741855,21274,290.623014,Non-phospho-B-catenin,Fw1,31
24497,124.1379353,3223,114.4228979,21274,125.6097584,DKK1,Fw1,31
18396,5446.514134,4693,8997.507778,13703,4230.370722,Concanavadin A,Fw1,32
18396,437.5905632,4693,511.4406563,13703,412.2984018,APC,Fw1,32
18396,101.0112524,4693,96.34498189,13703,102.6093556,Cyclin D1,Fw1,32
18396,542.215536,4693,1160.001278,13703,330.63643,Cyclin E,Fw1,32
18396,365.8785606,4693,510.0645642,13703,316.4977742,EMMPRIN,Fw1,32
18396,177.8832355,4693,88.81696143,13703,208.3866307,WNT-1,Fw1,32
18396,616.9042183,4693,1432.949712,13703,337.4251624,Non-phospho-B-catenin,Fw1,32
18396,124.9801044,4693,119.1615172,13703,126.9728527,DKK1,Fw1,32
12481,2615.82253,823,7700.139733,11658,2256.893635,Concanavadin A,Fw1,33
12481,273.3123948,823,417.5844471,11658,263.1274661,APC,Fw1,33
12481,91.03389152,823,92.70230863,11658,90.91610911,Cyclin D1,Fw1,33
12481,246.0621745,823,1128.81531,11658,183.7439527,Cyclin E,Fw1,33
12481,276.8366317,823,269.545565,11658,277.3513467,EMMPRIN,Fw1,33
12481,177.7912827,823,93.28918591,11658,183.7567336,WNT-1,Fw1,33
12481,277.1371685,823,1247.944107,11658,208.6027621,Non-phospho-B-catenin,Fw1,33
12481,116.7264642,823,110.3487242,11658,117.1767027,DKK1,Fw1,33
46247,2042.433434,4170,4430.143405,42077,1805.801768,Concanavadin A,Fw2,0
46247,345.5553441,4170,351.2395683,42077,344.9920146,APC,Fw2,0
46247,110.2453565,4170,113.388729,42077,109.9338356,Cyclin D1,Fw2,0
46247,342.3658183,4170,854.5661871,42077,291.6047009,Cyclin E,Fw2,0
46247,246.0705992,4170,458.6242206,42077,225.0056801,EMMPRIN,Fw2,0
46247,116.5362294,4170,69.11726619,42077,121.2356394,WNT-1,Fw2,0
46247,438.8177828,4170,1592.806954,42077,324.4528127,Non-phospho-B-catenin,Fw2,0
46247,129.9627219,4170,126.8832134,42077,130.2679136,DKK1,Fw2,0
21251,5471.873418,5251,7189.178823,16000,4908.27525,Concanavadin A,Fw2,1
21251,766.2833749,5251,1057.455723,16000,670.72425,APC,Fw2,1
21251,162.5992659,5251,148.3153685,16000,167.2870625,Cyclin D1,Fw2,1
21251,671.8722884,5251,1601.276328,16000,366.8535,Cyclin E,Fw2,1
21251,387.5758788,5251,676.5351362,16000,292.7430625,EMMPRIN,Fw2,1
21251,145.6552633,5251,110.0634165,16000,157.3360625,WNT-1,Fw2,1
21251,962.0499271,5251,2452.890307,16000,472.77475,Non-phospho-B-catenin,Fw2,1
21251,154.9232977,5251,153.8950676,16000,155.26075,DKK1,Fw2,1
100688,1781.566403,5330,9842.889869,95358,1330.981722,Concanavadin A,Fw2,2
100688,478.1551228,5330,690.9842402,95358,466.2591183,APC,Fw2,2
100688,120.3628436,5330,133.4682927,95358,119.6303194,Cyclin D1,Fw2,2
100688,409.0855216,5330,1124.340338,95358,369.1066193,Cyclin E,Fw2,2
100688,302.5546738,5330,710.5502814,95358,279.7499109,EMMPRIN,Fw2,2
100688,131.4152729,5330,105.1148218,95358,132.8853269,WNT-1,Fw2,2
100688,609.6352793,5330,1895.878612,95358,537.7411858,Non-phospho-B-catenin,Fw2,2
100688,136.7153981,5330,152.5281426,95358,135.8315506,DKK1,Fw2,2
56623,1752.58697,6104,5525.447903,50519,1296.727924,Concanavadin A,Fw2,3
56623,462.3888879,6104,881.9539646,50519,411.6945902,APC,Fw2,3
56623,121.5945994,6104,122.5244102,50519,121.4822542,Cyclin D1,Fw2,3
56623,469.2031683,6104,1263.184797,50519,373.2696807,Cyclin E,Fw2,3
56623,321.0264204,6104,567.698886,50519,291.2220155,EMMPRIN,Fw2,3
56623,139.7277255,6104,76.01998689,50519,147.4252657,WNT-1,Fw2,3
56623,679.1365699,6104,2046.500819,50519,513.9236525,Non-phospho-B-catenin,Fw2,3
56623,137.5693799,6104,142.7400066,50519,136.9446347,DKK1,Fw2,3
54356,2093.150489,5516,9649.604242,48840,1239.722993,Concanavadin A,Fw2,4
54356,365.9713187,5516,700.5119652,48840,328.1882269,APC,Fw2,4
54356,114.421223,5516,127.9370921,48840,112.8947379,Cyclin D1,Fw2,4
54356,376.5107256,5516,1106.66153,48840,294.0473382,Cyclin E,Fw2,4
54356,270.4536574,5516,624.6997825,48840,230.4450246,EMMPRIN,Fw2,4
54356,121.1893995,5516,95.35732415,48840,124.1068796,WNT-1,Fw2,4
54356,515.6896755,5516,1853.143764,48840,364.637326,Non-phospho-B-catenin,Fw2,4
54356,132.473416,5516,147.6515591,48840,130.7591933,DKK1,Fw2,4
41035,2313.760716,4542,4535.510348,36493,2037.236813,Concanavadin A,Fw2,5
41035,439.2897039,4542,692.3031704,36493,407.7990848,APC,Fw2,5
41035,122.0056537,4542,120.1503743,36493,122.2365659,Cyclin D1,Fw2,5
41035,500.0863166,4542,1015.185601,36493,435.9759132,Cyclin E,Fw2,5
41035,301.0367735,4542,511.6149273,36493,274.8277478,EMMPRIN,Fw2,5
41035,117.8970879,4542,70.90070454,36493,123.7463623,WNT-1,Fw2,5
41035,637.683246,4542,1726.843461,36493,502.1239416,Non-phospho-B-catenin,Fw2,5
41035,137.1440721,4542,133.5050638,36493,137.5969912,DKK1,Fw2,5
87485,1370.998194,6645,3712.754251,80840,1178.507237,Concanavadin A,Fw2,6
87485,417.7908099,6645,697.1730625,80840,394.8257546,APC,Fw2,6
87485,122.066057,6645,124.1646351,80840,121.8935552,Cyclin D1,Fw2,6
87485,436.7772418,6645,952.0118886,80840,394.4252598,Cyclin E,Fw2,6
87485,321.3927873,6645,489.9673439,80840,307.5360589,EMMPRIN,Fw2,6
87485,151.122661,6645,46.58028593,80840,159.7159822,WNT-1,Fw2,6
87485,607.1601417,6645,1597.28608,80840,525.7723775,Non-phospho-B-catenin,Fw2,6
87485,140.9031834,6645,136.7035365,80840,141.2483919,DKK1,Fw2,6
34849,1331.569485,3896,2131.61191,30953,1230.869544,Concanavadin A,Fw2,7
34849,421.0961003,3896,645.0161704,30953,392.9116725,APC,Fw2,7
34849,116.6997331,3896,111.7808008,30953,117.3188705,Cyclin D1,Fw2,7
34849,423.369078,3896,926.5041068,30953,360.0403515,Cyclin E,Fw2,7
34849,329.8213722,3896,614.0705852,30953,294.0434207,EMMPRIN,Fw2,7
34849,115.4516629,3896,42.49358316,30953,124.6347688,WNT-1,Fw2,7
34849,618.884473,3896,1768.006417,30953,474.2465028,Non-phospho-B-catenin,Fw2,7
34849,136.4977761,3896,128.449692,30953,137.5107744,DKK1,Fw2,7
65904,3307.818281,4249,15000.19299,61655,2502.029616,Concanavadin A,Fw2,8
65904,600.943615,4249,758.5791951,61655,590.0800422,APC,Fw2,8
65904,132.1273519,4249,146.5422452,61655,131.1339389,Cyclin D1,Fw2,8
65904,441.0912843,4249,1455.785832,61655,371.1628578,Cyclin E,Fw2,8
65904,338.142131,4249,719.3414921,61655,311.8714946,EMMPRIN,Fw2,8
65904,248.7465708,4249,115.3876206,61655,257.9371016,WNT-1,Fw2,8
65904,583.9711854,4249,2307.428571,61655,465.1978428,Non-phospho-B-catenin,Fw2,8
65904,143.0752306,4249,145.8832667,61655,142.8817128,DKK1,Fw2,8
34807,2522.526992,5631,6941.614278,29176,1669.638299,Concanavadin A,Fw2,9
34807,431.7432413,5631,748.4736281,29176,370.6139293,APC,Fw2,9
34807,121.9985635,5631,128.731664,29176,120.6990677,Cyclin D1,Fw2,9
34807,469.6301031,5631,1189.670218,29176,330.6615712,Cyclin E,Fw2,9
34807,326.8979228,5631,558.5585154,29176,282.1871744,EMMPRIN,Fw2,9
34807,152.6243572,5631,118.7654058,29176,159.1591719,WNT-1,Fw2,9
34807,669.6437211,5631,1632.797194,29176,483.7540444,Non-phospho-B-catenin,Fw2,9
34807,143.6839429,5631,148.332623,29176,142.7867425,DKK1,Fw2,9
31858,3907.993189,6002,6113.332056,25856,3396.063892,Concanavadin A,Fw2,10
31858,595.1083244,6002,894.4650117,25856,525.6181157,APC,Fw2,10
31858,127.7712976,6002,130.4290237,25856,127.1543549,Cyclin D1,Fw2,10
31858,977.575554,6002,1375.943352,25856,885.1017172,Cyclin E,Fw2,10
31858,409.3300898,6002,691.6364545,25856,343.7978032,EMMPRIN,Fw2,10
31858,176.5402411,6002,84.23375541,25856,197.9675124,WNT-1,Fw2,10
31858,891.45888,6002,2379.406698,25856,546.0588645,Non-phospho-B-catenin,Fw2,10
31858,148.8542595,6002,144.7882373,25856,149.7981126,DKK1,Fw2,10
17323,5386.156959,4327,5640.432401,12996,5301.496307,Concanavadin A,Fw2,11
17323,567.5038966,4327,766.8398428,12996,501.1352724,APC,Fw2,11
17323,128.2420481,4327,129.4716894,12996,127.8326408,Cyclin D1,Fw2,11
17323,987.2255383,4327,1247.549341,12996,900.5510926,Cyclin E,Fw2,11
17323,417.3530566,4327,593.7871505,12996,358.6095722,EMMPRIN,Fw2,11
17323,189.394793,4327,86.1980587,12996,223.7540012,WNT-1,Fw2,11
17323,946.3423772,4327,2050.039288,12996,578.8680363,Non-phospho-B-catenin,Fw2,11
17323,154.9218957,4327,145.6038826,12996,158.0243152,DKK1,Fw2,11
14619,3640.98112,3223,8016.714552,11396,2403.442611,Concanavadin A,Fw2,12
14619,848.2245024,3223,963.7939808,11396,815.539312,APC,Fw2,12
14619,161.9940488,3223,157.8637915,11396,163.1621622,Cyclin D1,Fw2,12
14619,668.0164854,3223,1735.602544,11396,366.0833626,Cyclin E,Fw2,12
14619,388.681442,3223,646.3456407,11396,315.8092313,EMMPRIN,Fw2,12
14619,341.9565634,3223,242.2975489,11396,370.1419796,WNT-1,Fw2,12
14619,895.5014023,3223,2488.640707,11396,444.9320814,Non-phospho-B-catenin,Fw2,12
14619,156.3602162,3223,165.6546696,11396,153.7315725,DKK1,Fw2,12
20137,3201.770919,3493,8256.319782,16644,2140.995914,Concanavadin A,Fw2,13
20137,574.1535979,3493,589.8382479,16644,570.8619322,APC,Fw2,13
20137,126.1009088,3493,124.205554,16644,126.4986782,Cyclin D1,Fw2,13
20137,405.0177286,3493,1316.258517,16644,213.7798005,Cyclin E,Fw2,13
20137,322.6744302,3493,580.0575437,16644,268.6586157,EMMPRIN,Fw2,13
20137,189.7526444,3493,122.297452,16644,203.9091565,WNT-1,Fw2,13
20137,623.511099,3493,2130.0355,16644,307.3437275,Non-phospho-B-catenin,Fw2,13
20137,137.1849829,3493,142.9478958,16644,135.9755467,DKK1,Fw2,13
22709,2588.494121,4603,6949.432544,18106,1479.834033,Concanavadin A,Fw2,14
22709,558.7305914,4603,842.3617206,18106,486.6244339,APC,Fw2,14
22709,129.8593509,4603,145.557897,18106,125.8683862,Cyclin D1,Fw2,14
22709,608.7521687,4603,1232.383228,18106,450.2094886,Cyclin E,Fw2,14
22709,356.3759302,4603,648.3447751,18106,282.150116,EMMPRIN,Fw2,14
22709,165.4694174,4603,114.0049967,18106,178.5529659,WNT-1,Fw2,14
22709,751.293496,4603,1770.464045,18106,492.1947421,Non-phospho-B-catenin,Fw2,14
22709,146.4101458,4603,151.3873561,18106,145.1448139,DKK1,Fw2,14
52933,1757.834376,5216,5471.209931,47717,1351.921034,Concanavadin A,Fw2,15
52933,428.0151134,5216,519.9591641,47717,417.9646038,APC,Fw2,15
52933,114.4648329,5216,125.1098543,47717,113.3012134,Cyclin D1,Fw2,15
52933,396.3263371,5216,1508.060583,47717,274.8013915,Cyclin E,Fw2,15
52933,300.5819432,5216,632.8870782,47717,264.2572878,EMMPRIN,Fw2,15
52933,112.0072167,5216,54.8211273,47717,118.2582937,WNT-1,Fw2,15
52933,585.0750383,5216,1936.420629,47717,437.3579018,Non-phospho-B-catenin,Fw2,15
52933,136.727599,5216,141.2043712,47717,136.2382379,DKK1,Fw2,15
14620,4662.183311,3523,12415.52654,11097,2200.704695,Concanavadin A,Fw2,16
14620,800.0092339,3523,1167.041726,11097,683.4862575,APC,Fw2,16
14620,140.6927497,3523,149.6937269,11097,137.8351807,Cyclin D1,Fw2,16
14620,790.7194938,3523,1895.441669,11097,439.9998198,Cyclin E,Fw2,16
14620,553.9967852,3523,911.2245246,11097,440.5865549,EMMPRIN,Fw2,16
14620,348.0012996,3523,278.8682941,11097,369.9491755,WNT-1,Fw2,16
14620,1075.752941,3523,2554.419529,11097,606.3159412,Non-phospho-B-catenin,Fw2,16
14620,155.1614911,3523,170.0417258,11097,150.4374155,DKK1,Fw2,16
20387,2048.896993,4418,4861.115437,15969,1270.86574,Concanavadin A,Fw2,17
20387,465.8490214,4418,559.7851969,15969,439.8605423,APC,Fw2,17
20387,119.2441262,4418,129.1088728,15969,116.5149352,Cyclin D1,Fw2,17
20387,538.5273949,4418,1684.473065,15969,221.4888847,Cyclin E,Fw2,17
20387,331.8050719,4418,612.0344047,15969,254.2765358,EMMPRIN,Fw2,17
20387,97.32918036,4418,59.21208692,15969,107.8746947,WNT-1,Fw2,17
20387,939.3024967,4418,1937.436397,15969,663.1577431,Non-phospho-B-catenin,Fw2,17
20387,134.4728013,4418,146.3540063,15969,131.1857349,DKK1,Fw2,17
33942,3247.37022,5779,3756.735767,28163,3142.84927,Concanavadin A,Fw2,18
33942,632.1554122,5779,504.150199,28163,658.4218656,APC,Fw2,18
33942,135.7345177,5779,112.3888216,28163,140.5250151,Cyclin D1,Fw2,18
33942,518.1588592,5779,1391.020246,28163,339.049178,Cyclin E,Fw2,18
33942,352.7058217,5779,574.5898944,28163,307.175585,EMMPRIN,Fw2,18
33942,203.4644983,5779,32.85083925,28163,238.4741327,WNT-1,Fw2,18
33942,616.805256,5779,1587.298668,28163,417.6616483,Non-phospho-B-catenin,Fw2,18
33942,141.6514937,5779,132.1278768,28163,143.6057238,DKK1,Fw2,18
38510,2077.590444,5443,6727.589748,33067,1312.176399,Concanavadin A,Fw2,19
38510,435.3575175,5443,582.6516627,33067,411.112136,APC,Fw2,19
38510,121.4950662,5443,130.0161676,33067,120.0924487,Cyclin D1,Fw2,19
38510,552.1520125,5443,1702.43487,33067,362.8094777,Cyclin E,Fw2,19
38510,317.772241,5443,618.3279441,33067,268.2992107,EMMPRIN,Fw2,19
38510,120.258764,5443,79.52709903,33067,126.9634076,WNT-1,Fw2,19
38510,686.8322773,5443,1708.827852,33067,518.6064959,Non-phospho-B-catenin,Fw2,19
38510,136.8695663,5443,145.224876,33067,135.494239,DKK1,Fw2,19
26817,2063.292949,4519,5321.277495,22298,1403.017042,Concanavadin A,Fw2,20
26817,455.8683298,4519,655.5766763,22298,415.3946542,APC,Fw2,20
26817,118.6720364,4519,133.3518478,22298,115.6969683,Cyclin D1,Fw2,20
26817,574.1718313,4519,1894.024784,22298,306.6852633,Cyclin E,Fw2,20
26817,421.2141179,4519,1094.329276,22298,284.7979639,EMMPRIN,Fw2,20
26817,106.6490286,4519,87.03031644,22298,110.6250336,WNT-1,Fw2,20
26817,851.5129209,4519,1960.958177,22298,626.6684008,Non-phospho-B-catenin,Fw2,20
26817,136.0050341,4519,147.3208674,22298,133.711723,DKK1,Fw2,20
31381,1317.330359,6069,3832.611798,25312,714.247116,Concanavadin A,Fw2,21
31381,384.7783691,6069,498.7571264,25312,357.4499447,APC,Fw2,21
31381,113.67509,6069,115.7319163,25312,113.1819295,Cyclin D1,Fw2,21
31381,622.3800389,6069,2274.093755,25312,226.3524415,Cyclin E,Fw2,21
31381,291.9815493,6069,644.9810512,25312,207.343671,EMMPRIN,Fw2,21
31381,105.4619674,6069,43.00197726,25312,120.4378556,WNT-1,Fw2,21
31381,696.539116,6069,2242.615258,25312,325.8399968,Non-phospho-B-catenin,Fw2,21
31381,131.7379306,6069,141.9370572,25312,129.2925095,DKK1,Fw2,21
15661,4633.074899,4243,7547.254066,11418,3550.147749,Concanavadin A,Fw2,22
15661,614.3631952,4243,993.155786,11418,473.6015064,APC,Fw2,22
15661,125.1843433,4243,134.2281405,11418,121.8236118,Cyclin D1,Fw2,22
15661,760.8011621,4243,1818.768324,11418,367.6539674,Cyclin E,Fw2,22
15661,484.9708831,4243,823.1267971,11418,359.3100368,EMMPRIN,Fw2,22
15661,121.244812,4243,107.356823,11418,126.4056752,WNT-1,Fw2,22
15661,930.858055,4243,1974.748998,11418,542.941671,Non-phospho-B-catenin,Fw2,22
15661,145.5972799,4243,155.4426114,11418,141.9386933,DKK1,Fw2,22
25909,2319.92273,4292,8358.244874,21617,1121.029329,Concanavadin A,Fw2,23
25909,533.6835849,4292,885.1975769,21617,463.8913818,APC,Fw2,23
25909,123.7308271,4292,160.7339236,21617,116.3839571,Cyclin D1,Fw2,23
25909,541.2391061,4292,1866.796831,21617,278.0530138,Cyclin E,Fw2,23
25909,364.0806284,4292,805.2085275,21617,276.4958135,EMMPRIN,Fw2,23
25909,138.6415917,4292,126.7022367,21617,141.0121201,WNT-1,Fw2,23
25909,769.9977228,4292,2050.675676,21617,515.7223944,Non-phospho-B-catenin,Fw2,23
25909,139.775329,4292,151.7979963,21617,137.3882592,DKK1,Fw2,23
43832,1521.506753,5227,6632.976468,38605,829.4292449,Concanavadin A,Fw2,24
43832,466.7032533,5227,614.8280084,38605,446.6476104,APC,Fw2,24
43832,119.14024,5227,126.8848288,38605,118.0916462,Cyclin D1,Fw2,24
43832,462.4143092,5227,1907.015305,38605,266.8197125,Cyclin E,Fw2,24
43832,309.6111289,5227,641.7015496,38605,264.6470923,EMMPRIN,Fw2,24
43832,112.2412165,5227,88.16740004,38605,115.5007382,WNT-1,Fw2,24
43832,619.8777834,5227,1803.564951,38605,459.6101282,Non-phospho-B-catenin,Fw2,24
43832,134.7811188,5227,146.8986034,38605,133.1404481,DKK1,Fw2,24
28748,2460.27021,6248,7192.611716,22500,1146.151556,Concanavadin A,Fw2,25
28748,763.6176082,6248,850.3879641,22500,739.5224444,APC,Fw2,25
28748,125.6652985,6248,131.6048335,22500,124.0159556,Cyclin D1,Fw2,25
28748,835.220711,6248,2784.422855,22500,293.9489333,Cyclin E,Fw2,25
28748,426.2056143,6248,856.3364277,22500,306.7630667,EMMPRIN,Fw2,25
28748,259.7295116,6248,99.10851472,22500,304.3321778,WNT-1,Fw2,25
28748,828.9080632,6248,2419.011524,22500,387.354,Non-phospho-B-catenin,Fw2,25
28748,136.9956519,6248,151.3972471,22500,132.9964889,DKK1,Fw2,25
61646,1212.593858,5655,5349.293015,55991,794.7939669,Concanavadin A,Fw2,26
61646,376.5184278,5655,642.5220159,55991,349.6524977,APC,Fw2,26
61646,118.2893294,5655,131.1667551,55991,116.9887303,Cyclin D1,Fw2,26
61646,453.9254453,5655,1973.027586,55991,300.498598,Cyclin E,Fw2,26
61646,308.127924,5655,780.8137931,55991,260.3874194,EMMPRIN,Fw2,26
61646,105.8435422,5655,88.13969938,55991,107.6316015,WNT-1,Fw2,26
61646,630.108312,5655,2083.559151,55991,483.3121395,Non-phospho-B-catenin,Fw2,26
61646,134.4762191,5655,148.3220159,55991,133.0778161,DKK1,Fw2,26
77423,1154.871821,7821,4156.227337,69602,817.6171231,Concanavadin A,Fw2,27
77423,404.6785451,7821,563.5861143,69602,386.8225051,APC,Fw2,27
77423,116.9600894,7821,121.8714998,69602,116.4082067,Cyclin D1,Fw2,27
77423,480.4147476,7821,1696.523846,69602,343.7636562,Cyclin E,Fw2,27
77423,313.1986748,7821,612.1852704,69602,279.6023103,EMMPRIN,Fw2,27
77423,109.133552,7821,87.72624984,69602,111.5390362,WNT-1,Fw2,27
77423,689.5069165,7821,1741.531006,69602,571.293641,Non-phospho-B-catenin,Fw2,27
77423,134.9456751,7821,144.2066232,69602,133.9050458,DKK1,Fw2,27
43742,1802.706049,7449,4369.570546,36293,1275.866889,Concanavadin A,Fw2,28
43742,424.3941292,7449,574.2104981,36293,393.6448902,APC,Fw2,28
43742,118.241667,7449,119.5721573,36293,117.968589,Cyclin D1,Fw2,28
43742,547.1421288,7449,2066.144717,36293,235.3726338,Cyclin E,Fw2,28
43742,337.7771478,7449,670.2895691,36293,269.53024,EMMPRIN,Fw2,28
43742,111.2286361,7449,68.57645322,36293,119.9828342,WNT-1,Fw2,28
43742,684.6104659,7449,2014.017586,36293,411.7547185,Non-phospho-B-catenin,Fw2,28
43742,134.1231768,7449,145.4593905,36293,131.7964621,DKK1,Fw2,28
37441,2269.302529,4502,7239.354287,32939,1590.011324,Concanavadin A,Fw2,29
37441,412.0318368,4502,686.2183474,32939,374.5568779,APC,Fw2,29
37441,117.926925,4502,117.3440693,32939,118.0065879,Cyclin D1,Fw2,29
37441,482.2037072,4502,1928.963794,32939,284.4650414,Cyclin E,Fw2,29
37441,267.085361,4502,600.88494,32939,221.4626734,EMMPRIN,Fw2,29
37441,100.7571112,4502,52.07263438,32939,107.411154,WNT-1,Fw2,29
37441,604.0149302,4502,1934.328076,32939,422.1918698,Non-phospho-B-catenin,Fw2,29
37441,129.3375177,4502,141.1197246,32939,127.7271623,DKK1,Fw2,29
16398,8474.577509,4340,19856.58157,12058,4377.886714,Concanavadin A,Fw2,30
16398,970.7350287,4340,992.9548387,12058,962.7375187,APC,Fw2,30
16398,131.6719722,4340,137.7198157,12058,129.4951899,Cyclin D1,Fw2,30
16398,862.7008782,4340,2106.464286,12058,415.036822,Cyclin E,Fw2,30
16398,524.9521283,4340,916.6935484,12058,383.9538066,EMMPRIN,Fw2,30
16398,327.3321137,4340,252.0741935,12058,354.4194725,WNT-1,Fw2,30
16398,894.7752775,4340,2140.117051,12058,446.5431249,Non-phospho-B-catenin,Fw2,30
16398,147.4406635,4340,165.0615207,12058,141.0984409,DKK1,Fw2,30
35809,3112.450194,8140,4904.082432,27669,2585.366222,Concanavadin A,Fw2,31
35809,521.397805,8140,699.8642506,27669,468.8943944,APC,Fw2,31
35809,117.9299897,8140,124.2158477,27669,116.0807402,Cyclin D1,Fw2,31
35809,601.8378061,8140,1824.267322,27669,242.2087535,Cyclin E,Fw2,31
35809,367.961909,8140,631.1025799,27669,290.548014,EMMPRIN,Fw2,31
35809,139.2947304,8140,76.01191646,27669,157.9120315,WNT-1,Fw2,31
35809,927.3102293,8140,2137.474324,27669,571.2895659,Non-phospho-B-catenin,Fw2,31
35809,139.4039208,8140,144.7406634,27669,137.8338935,DKK1,Fw2,31
44914,2070.817184,6398,6028.391529,38516,1413.41349,Concanavadin A,Fw2,32
44914,430.9974841,6398,588.4223195,38516,404.8472064,APC,Fw2,32
44914,117.2192635,6398,126.3710535,38516,115.6990342,Cyclin D1,Fw2,32
44914,476.3497128,6398,1582.835574,38516,292.5482657,Cyclin E,Fw2,32
44914,292.2213341,6398,572.7430447,38516,245.6230917,EMMPRIN,Fw2,32
44914,115.3823975,6398,68.30306346,38516,123.2028767,WNT-1,Fw2,32
44914,595.9470766,6398,1565.727884,38516,434.8540866,Non-phospho-B-catenin,Fw2,32
44914,131.3893886,6398,142.6813067,38516,129.5136567,DKK1,Fw2,32
16327,4984.087707,3896,11534.54055,12431,2931.110128,Concanavadin A,Fw2,33
16327,683.8459607,3896,781.4545688,12431,653.2544445,APC,Fw2,33
16327,121.783855,3896,127.4507187,12431,120.0078031,Cyclin D1,Fw2,33
16327,717.0097997,3896,2101.054415,12431,283.2363446,Cyclin E,Fw2,33
16327,403.0623507,3896,719.4473819,12431,303.9041107,EMMPRIN,Fw2,33
16327,179.3458076,3896,115.9676591,12431,199.2091545,WNT-1,Fw2,33
16327,860.5315735,3896,2107.939168,12431,469.58153,Non-phospho-B-catenin,Fw2,33
16327,138.0567771,3896,146.9052875,12431,135.2835653,DKK1,Fw2,33
32376,1149.489653,2804,6120.42368,29572,678.1485527,Concanavadin A,Fw2,34
32376,338.7368421,2804,404.3591298,29572,332.5145746,APC,Fw2,34
32376,110.406443,2804,103.6954351,29572,111.042777,Cyclin D1,Fw2,34
32376,222.8790771,2804,303.668331,29572,215.2186866,Cyclin E,Fw2,34
32376,182.3333642,2804,330.8477175,29572,168.2513188,EMMPRIN,Fw2,34
32376,101.8077279,2804,64.36840228,29572,105.3577032,WNT-1,Fw2,34
32376,349.4093155,2804,719.282097,29572,314.3381915,Non-phospho-B-catenin,Fw2,34
32376,118.6309921,2804,98.42796006,29572,120.5466319,DKK1,Fw2,34
42331,2053.427417,6165,5091.321979,36166,1535.575845,Concanavadin A,Fw2,35
42331,471.7812242,6165,408.1060827,36166,482.6355417,APC,Fw2,35
42331,111.798233,6165,119.0381184,36166,110.5640933,Cyclin D1,Fw2,35
42331,992.0172923,6165,948.2741281,36166,999.4739258,Cyclin E,Fw2,35
42331,275.9272637,6165,516.4712084,36166,234.9231875,EMMPRIN,Fw2,35
42331,177.6336727,6165,20.13527981,36166,204.4814743,WNT-1,Fw2,35
42331,488.9300513,6165,1628.075426,36166,294.7468064,Non-phospho-B-catenin,Fw2,35
42331,129.3059696,6165,133.1742092,36166,128.6465741,DKK1,Fw2,35
16338,1924.559432,4677,4184.543083,11661,1018.124003,Concanavadin A,Fw2,36
16338,548.8479618,4677,423.4160787,11661,599.1562473,APC,Fw2,36
16338,117.1781124,4677,122.6848407,11661,114.9694709,Cyclin D1,Fw2,36
16338,578.3105031,4677,1319.94783,11661,280.8542149,Cyclin E,Fw2,36
16338,428.6839882,4677,397.6085097,11661,441.1477575,EMMPRIN,Fw2,36
16338,120.6331252,4677,71.53966218,11661,140.3235572,WNT-1,Fw2,36
16338,665.4536051,4677,1285.345307,11661,416.827116,Non-phospho-B-catenin,Fw2,36
16338,129.9695801,4677,134.1896515,11661,128.2769917,DKK1,Fw2,36
13601,6311.952209,3145,3264.186328,10456,7228.67215,Concanavadin A,Fw2,37
13601,322.0348504,3145,215.8747218,10456,353.9661438,APC,Fw2,37
13601,108.4281303,3145,104.8769475,10456,109.4962701,Cyclin D1,Fw2,37
13601,255.4259246,3145,715.445151,10456,117.0593917,Cyclin E,Fw2,37
13601,266.7086244,3145,420.8915739,10456,220.3328233,EMMPRIN,Fw2,37
13601,102.2634365,3145,60.76279809,10456,114.7461744,WNT-1,Fw2,37
13601,373.4844497,3145,886.827027,10456,219.0790933,Non-phospho-B-catenin,Fw2,37
13601,124.8164841,3145,119.8848967,10456,126.2998279,DKK1,Fw2,37
39490,887.1792352,4933,4331.276708,34557,395.5354921,Concanavadin A,Fw3,0
39490,359.5357052,4933,542.5704439,34557,333.4075585,APC,Fw3,0
39490,115.2958217,4933,127.5773363,34557,113.5426397,Cyclin D1,Fw3,0
39490,358.4911623,4933,1312.473343,34557,222.3105304,Cyclin E,Fw3,0
39490,264.5895417,4933,677.0064869,34557,205.7171629,EMMPRIN,Fw3,0
39490,118.1209673,4933,102.3734036,34557,120.3689267,WNT-1,Fw3,0
39490,329.7674854,4933,1267.179201,34557,195.9522817,Non-phospho-B-catenin,Fw3,0
39490,94.81559889,4933,101.7309953,34557,93.82842839,DKK1,Fw3,0
55764,1473.120275,7352,4339.309848,48412,1037.851628,Concanavadin A,Fw3,1
55764,347.9580016,7352,504.7490479,48412,324.1472156,APC,Fw3,1
55764,112.5467327,7352,116.9480413,48412,111.8783359,Cyclin D1,Fw3,1
55764,432.3711534,7352,1624.631801,48412,251.3106668,Cyclin E,Fw3,1
55764,317.9068037,7352,633.3781284,48412,269.9983269,EMMPRIN,Fw3,1
55764,131.1325228,7352,67.18607182,48412,140.8436338,WNT-1,Fw3,1
55764,394.6906786,7352,1510.044342,48412,225.3095307,Non-phospho-B-catenin,Fw3,1
55764,93.33084069,7352,97.95402612,48412,92.62874907,DKK1,Fw3,1
52965,1440.248844,6908,3717.23176,46057,1098.728597,Concanavadin A,Fw3,2
52965,393.3858397,6908,512.683121,46057,375.4926721,APC,Fw3,2
52965,115.9173794,6908,119.4033005,46057,115.3945329,Cyclin D1,Fw3,2
52965,460.1787029,6908,1290.670672,46057,335.6148251,Cyclin E,Fw3,2
52965,314.3762296,6908,517.8413434,46057,283.8588922,EMMPRIN,Fw3,2
52965,123.7832909,6908,95.47814129,46057,128.0287253,WNT-1,Fw3,2
52965,439.9144152,6908,1197.377244,46057,326.3040363,Non-phospho-B-catenin,Fw3,2
52965,95.86260738,6908,96.26592357,46057,95.80211477,DKK1,Fw3,2
36013,2266.871241,4358,6926.818036,31655,1625.3281,Concanavadin A,Fw3,3
36013,407.0747508,4358,634.7273979,31655,375.733407,APC,Fw3,3
36013,115.0325993,4358,124.5497935,31655,113.7223503,Cyclin D1,Fw3,3
36013,569.1925693,4358,1733.104406,31655,408.9547623,Cyclin E,Fw3,3
36013,300.8879294,4358,648.0071134,31655,253.0994156,EMMPRIN,Fw3,3
36013,134.971066,4358,61.82950895,31655,145.0405939,WNT-1,Fw3,3
36013,491.5080943,4358,1653.090867,31655,331.5909335,Non-phospho-B-catenin,Fw3,3
36013,92.35945353,4358,98.44125746,31655,91.5221608,DKK1,Fw3,3
16253,8244.914047,4453,19050.19537,11800,4167.293898,Concanavadin A,Fw3,4
16253,1019.993109,4453,1110.695037,11800,985.764661,APC,Fw3,4
16253,135.6137944,4453,142.1749382,11800,133.1377966,Cyclin D1,Fw3,4
16253,967.223651,4453,1954.289692,11800,594.7316949,Cyclin E,Fw3,4
16253,600.218975,4453,983.3049629,11800,455.6527119,EMMPRIN,Fw3,4
16253,425.3017904,4453,347.1794296,11800,454.7830508,WNT-1,Fw3,4
16253,815.048914,4453,1874.796317,11800,415.1289831,Non-phospho-B-catenin,Fw3,4
16253,122.9542238,4453,143.5039299,11800,115.199322,DKK1,Fw3,4
35437,3589.822333,8296,5501.921408,27141,3005.364357,Concanavadin A,Fw3,5
35437,466.5980472,8296,620.0755786,27141,419.6856416,APC,Fw3,5
35437,115.9981375,8296,125.7778447,27141,113.0088427,Cyclin D1,Fw3,5
35437,570.1258854,8296,1626.237464,27141,247.3116318,Cyclin E,Fw3,5
35437,409.6482772,8296,712.1573047,27141,317.1824546,EMMPRIN,Fw3,5
35437,164.8958433,8296,97.95383317,27141,185.3575403,WNT-1,Fw3,5
35437,696.7736547,8296,1766.916345,27141,369.670609,Non-phospho-B-catenin,Fw3,5
35437,99.71555154,8296,103.0779894,27141,98.68777864,DKK1,Fw3,5
50177,1054.872013,1154,7892.603986,49023,893.9120005,Concanavadin A,Fw3,6
50177,310.9946589,1154,502.2218371,49023,306.4931767,APC,Fw3,6
50177,109.3887438,1154,113.652513,49023,109.2883748,Cyclin D1,Fw3,6
50177,303.8541762,1154,1615.308492,49023,272.9825796,Cyclin E,Fw3,6
50177,273.205074,1154,548.3665511,49023,266.7277808,EMMPRIN,Fw3,6
50177,119.5459075,1154,136.0771231,49023,119.1567632,WNT-1,Fw3,6
50177,253.9936226,1154,1593.641248,49023,222.4583563,Non-phospho-B-catenin,Fw3,6
50177,90.69505949,1154,97.40381282,49023,90.53713563,DKK1,Fw3,6
43888,2048.151773,6248,5975.162612,37640,1396.293013,Concanavadin A,Fw3,7
43888,463.8281307,6248,616.5619398,37640,438.4752922,APC,Fw3,7
43888,117.8194267,6248,125.5235275,37640,116.5405951,Cyclin D1,Fw3,7
43888,565.5197776,6248,1470.889245,37640,415.2342189,Cyclin E,Fw3,7
43888,360.2757246,6248,661.3681178,37640,310.2963071,EMMPRIN,Fw3,7
43888,149.6854949,6248,83.33658771,37640,160.6989904,WNT-1,Fw3,7
43888,507.6606362,6248,1366.622759,37640,365.0784006,Non-phospho-B-catenin,Fw3,7
43888,97.56006198,6248,102.0697823,37640,96.81147715,DKK1,Fw3,7
16519,4725.570918,3799,10798.76125,12720,2911.730503,Concanavadin A,Fw3,8
16519,673.9112537,3799,813.1005528,12720,632.3404874,APC,Fw3,8
16519,123.0179188,3799,130.5356673,12720,120.7726415,Cyclin D1,Fw3,8
16519,780.0739754,3799,1993.428007,12720,417.6893868,Cyclin E,Fw3,8
16519,471.6263091,3799,780.8265333,12720,379.2794811,EMMPRIN,Fw3,8
16519,223.7453841,3799,135.1102922,12720,250.2174528,WNT-1,Fw3,8
16519,746.2834917,3799,1913.38747,12720,397.7121069,Non-phospho-B-catenin,Fw3,8
16519,109.2841576,3799,114.6575415,12720,107.6793239,DKK1,Fw3,8
73239,2868.329005,5925,7178.331983,67314,2488.961152,Concanavadin A,Fw3,9
73239,403.6159287,5925,675.541097,67314,379.6809876,APC,Fw3,9
73239,117.4787477,5925,122.2423629,67314,117.0594527,Cyclin D1,Fw3,9
73239,490.5740384,5925,1582.348186,67314,394.4757257,Cyclin E,Fw3,9
73239,338.599189,5925,700.9470042,67314,306.7052173,EMMPRIN,Fw3,9
73239,136.064706,5925,101.8032068,67314,139.0804142,WNT-1,Fw3,9
73239,450.6186048,5925,1578.09789,67314,351.3775143,Non-phospho-B-catenin,Fw3,9
73239,98.65476044,5925,100.8838819,67314,98.45855246,DKK1,Fw3,9
17073,2221.00615,4845,4343.875748,12228,1379.878966,Concanavadin A,Fw3,10
17073,601.1119311,4845,527.1339525,12228,630.4236179,APC,Fw3,10
17073,118.0084344,4845,124.5494324,12228,115.4167484,Cyclin D1,Fw3,10
17073,778.0654249,4845,1511.04871,12228,487.6414786,Cyclin E,Fw3,10
17073,606.9069291,4845,632.4937049,12228,596.7688911,EMMPRIN,Fw3,10
17073,169.2831371,4845,104.3818369,12228,194.9984462,WNT-1,Fw3,10
17073,689.1615416,4845,1379.333127,12228,415.7005234,Non-phospho-B-catenin,Fw3,10
17073,101.740526,4845,101.0268318,12228,102.0233072,DKK1,Fw3,10
68950,1989.858477,8289,6230.570153,60661,1410.387992,Concanavadin A,Fw3,11
68950,524.459884,8289,594.1913379,60661,514.9314551,APC,Fw3,11
68950,121.133198,8289,129.6866932,60661,119.9644088,Cyclin D1,Fw3,11
68950,989.0732125,8289,1374.145615,60661,936.4551359,Cyclin E,Fw3,11
68950,370.0095722,8289,700.7390518,60661,324.8171642,EMMPRIN,Fw3,11
68950,215.397868,8289,45.39847991,60661,238.6273718,WNT-1,Fw3,11
68950,465.2193474,8289,1688.172277,60661,298.1093948,Non-phospho-B-catenin,Fw3,11
68950,102.0070776,8289,108.1462179,60661,101.168197,DKK1,Fw3,11
38333,5440.015209,4148,7038.944793,34185,5246.001463,Concanavadin A,Fw3,12
38333,548.4894216,4148,503.9619094,34185,553.8923797,APC,Fw3,12
38333,126.8048679,4148,128.3129219,34185,126.6218809,Cyclin D1,Fw3,12
38333,564.0592701,4148,1106.403327,34185,498.2513676,Cyclin E,Fw3,12
38333,423.3341246,4148,707.6289778,34185,388.8378529,EMMPRIN,Fw3,12
38333,152.4160123,4148,119.7919479,34185,156.3746087,WNT-1,Fw3,12
38333,579.9941304,4148,1200.103664,34185,504.7501828,Non-phospho-B-catenin,Fw3,12
38333,106.6997626,4148,100.307377,34185,107.4754132,DKK1,Fw3,12
37390,2843.55226,10215,7591.625942,27175,1058.765777,Concanavadin A,Fw3,13
37390,601.5263172,10215,731.9599608,27175,552.4967065,APC,Fw3,13
37390,121.2242311,10215,125.799021,27175,119.5045814,Cyclin D1,Fw3,13
37390,744.8416689,10215,1682.606363,27175,392.3387672,Cyclin E,Fw3,13
37390,460.6199251,10215,645.9511503,27175,390.9544802,EMMPRIN,Fw3,13
37390,188.5181064,10215,98.62868331,27175,222.3072677,WNT-1,Fw3,13
37390,694.2665151,10215,1597.948507,27175,354.5751978,Non-phospho-B-catenin,Fw3,13
37390,101.2763038,10215,108.0705825,27175,98.72235511,DKK1,Fw3,13
17711,1333.497205,4646,3024.179294,13065,732.2795254,Concanavadin A,Fw3,14
17711,436.279939,4646,535.6325872,13065,400.9494834,APC,Fw3,14
17711,120.122184,4646,117.3590185,13065,121.1047838,Cyclin D1,Fw3,14
17711,706.1320648,4646,1639.998924,13065,374.0428626,Cyclin E,Fw3,14
17711,357.1286771,4646,452.4425312,13065,323.2344432,EMMPRIN,Fw3,14
17711,109.0787081,4646,64.63452432,13065,124.8833525,WNT-1,Fw3,14
17711,628.4366213,4646,1360.627852,13065,368.0646001,Non-phospho-B-catenin,Fw3,14
17711,96.75167975,4646,101.1439948,13065,95.18974359,DKK1,Fw3,14
87969,2502.882595,7760,5024.554253,80209,2258.917802,Concanavadin A,Fw3,15
87969,627.0568723,7760,537.8623711,80209,635.6861948,APC,Fw3,15
87969,128.0169378,7760,128.9748711,80209,127.9242604,Cyclin D1,Fw3,15
87969,504.4134979,7760,1244.528608,80209,432.8093979,Cyclin E,Fw3,15
87969,398.4271505,7760,705.0713918,80209,368.7601641,EMMPRIN,Fw3,15
87969,309.4317316,7760,81.99213918,80209,331.4358862,WNT-1,Fw3,15
87969,510.2845889,7760,1391.56817,80209,425.0228279,Non-phospho-B-catenin,Fw3,15
87969,106.4293899,7760,98.37680412,80209,107.2084554,DKK1,Fw3,15
67020,3345.202716,7178,3667.839231,59842,3306.502724,Concanavadin A,Fw3,16
67020,599.7496121,7178,550.8421566,59842,605.6160222,APC,Fw3,16
67020,130.550761,7178,116.3723879,59842,132.2514455,Cyclin D1,Fw3,16
67020,617.0643241,7178,1795.032739,59842,475.7679556,Cyclin E,Fw3,16
67020,389.6719039,7178,788.0087768,59842,341.8917148,EMMPRIN,Fw3,16
67020,162.8568785,7178,76.3135971,59842,173.2376759,WNT-1,Fw3,16
67020,589.1652343,7178,2055.458624,59842,413.2845159,Non-phospho-B-catenin,Fw3,16
67020,106.8609669,7178,99.65171357,59842,107.725711,DKK1,Fw3,16
34993,4500.154345,6645,9742.148232,28348,3271.388669,Concanavadin A,Fw3,17
34993,705.3947361,6645,851.17231,28348,671.2232962,APC,Fw3,17
34993,131.3735318,6645,139.7945824,28348,129.3995696,Cyclin D1,Fw3,17
34993,819.8124196,6645,2293.523552,28348,474.3626358,Cyclin E,Fw3,17
34993,566.5724859,6645,1077.955004,28348,446.7002963,EMMPRIN,Fw3,17
34993,164.452662,6645,131.1978932,28348,172.2478482,WNT-1,Fw3,17
34993,851.6804504,6645,2664.466667,28348,426.7487301,Non-phospho-B-catenin,Fw3,17
34993,109.2104421,6645,123.3077502,28348,105.9059193,DKK1,Fw3,17
50732,3408.141232,6405,4838.736924,44327,3201.428272,Concanavadin A,Fw3,18
50732,509.0296657,6405,663.397502,44327,486.7243892,APC,Fw3,18
50732,123.0163605,6405,120.7088212,44327,123.3497868,Cyclin D1,Fw3,18
50732,781.210932,6405,1255.328025,44327,712.703702,Cyclin E,Fw3,18
50732,860.0580107,6405,1702.635909,44327,738.3102849,EMMPRIN,Fw3,18
50732,283.2996531,6405,94.72271663,44327,310.5479505,WNT-1,Fw3,18
50732,494.1055547,6405,1529.955035,44327,344.4311819,Non-phospho-B-catenin,Fw3,18
50732,102.4806237,6405,99.21592506,44327,102.9523541,DKK1,Fw3,18
45628,3030.740379,7527,5672.224392,38101,2508.904989,Concanavadin A,Fw3,19
45628,479.1719339,7527,486.8658164,38101,477.6519776,APC,Fw3,19
45628,119.4282896,7527,120.2398034,38101,119.267972,Cyclin D1,Fw3,19
45628,587.542715,7527,1533.078119,38101,400.7485368,Cyclin E,Fw3,19
45628,382.8976944,7527,695.7150259,38101,321.09942,EMMPRIN,Fw3,19
45628,170.7209608,7527,82.04450644,38101,188.2393376,WNT-1,Fw3,19
45628,556.0863286,7527,1676.681945,38101,334.7083279,Non-phospho-B-catenin,Fw3,19
45628,100.2540326,7527,105.0658961,38101,99.30343036,DKK1,Fw3,19
51042,3457.825967,7250,7774.71531,43792,2743.14183,Concanavadin A,Fw3,20
51042,490.6122605,7250,782.72,43792,442.2522607,APC,Fw3,20
51042,123.4446142,7250,126.3846897,43792,122.957869,Cyclin D1,Fw3,20
51042,498.9871674,7250,1301.619586,43792,366.1070744,Cyclin E,Fw3,20
51042,357.8857999,7250,669.5471724,43792,306.2885915,EMMPRIN,Fw3,20
51042,184.322891,7250,119.7147586,43792,195.0191131,WNT-1,Fw3,20
51042,471.2462678,7250,1428.586621,43792,312.7534481,Non-phospho-B-catenin,Fw3,20
51042,107.1920967,7250,102.4051034,43792,107.9846091,DKK1,Fw3,20
28757,5516.6798,4838,8988.949566,23919,4814.357749,Concanavadin A,Fw3,21
28757,733.5833362,4838,612.8530384,23919,758.0029684,APC,Fw3,21
28757,140.9501339,4838,128.8005374,23919,143.4075839,Cyclin D1,Fw3,21
28757,1544.424592,4838,1319.648408,23919,1589.889168,Cyclin E,Fw3,21
28757,371.5388253,4838,442.757131,23919,357.1337849,EMMPRIN,Fw3,21
28757,417.0983413,4838,163.8673005,23919,468.3183662,WNT-1,Fw3,21
28757,630.3281984,4838,1848.507441,23919,383.9319788,Non-phospho-B-catenin,Fw3,21
28757,115.7723337,4838,110.9743696,23919,116.7427986,DKK1,Fw3,21
52050,2087.66438,5978,5337.034794,46072,1666.047426,Concanavadin A,Fw3,22
52050,530.4824207,5978,650.4944798,46072,514.9104445,APC,Fw3,22
52050,124.7445725,5978,119.7321847,46072,125.394947,Cyclin D1,Fw3,22
52050,590.2908165,5978,1464.883908,46072,476.8093636,Cyclin E,Fw3,22
52050,436.2722574,5978,612.9340917,46072,413.3497786,EMMPRIN,Fw3,22
52050,200.9255716,5978,82.25510204,46072,216.323472,WNT-1,Fw3,22
52050,527.635562,5978,1725.583807,46072,372.1976689,Non-phospho-B-catenin,Fw3,22
52050,102.241537,5978,102.8355637,46072,102.16446,DKK1,Fw3,22
59228,1589.597521,8979,197.865798,50249,1838.286235,Concanavadin A,Fw3,23
59228,381.5229115,8979,347.8832832,50249,387.5339808,APC,Fw3,23
59228,114.1219693,8979,105.9711549,50249,115.5784394,Cyclin D1,Fw3,23
59228,415.3795671,8979,1109.913353,50249,291.2732393,Cyclin E,Fw3,23
59228,316.0413825,8979,490.0111371,50249,284.9547056,EMMPRIN,Fw3,23
59228,125.3623793,8979,27.3883506,50249,142.8693705,WNT-1,Fw3,23
59228,452.8907949,8979,1235.263949,50249,313.0884396,Non-phospho-B-catenin,Fw3,23
59228,94.38191396,8979,86.00668226,50249,95.87848514,DKK1,Fw3,23
53084,1976.508308,6579,3943.535644,46505,1698.235588,Concanavadin A,Fw3,24
53084,462.728016,6579,504.620915,46505,456.8014837,APC,Fw3,24
53084,120.6841233,6579,124.7397781,46505,120.1103752,Cyclin D1,Fw3,24
53084,547.3297792,6579,1410.384101,46505,425.2346414,Cyclin E,Fw3,24
53084,401.0848843,6579,646.3587171,46505,366.3863241,EMMPRIN,Fw3,24
53084,185.6064162,6579,76.87840097,46505,200.9880228,WNT-1,Fw3,24
53084,524.3468088,6579,1681.52014,46505,360.6430491,Non-phospho-B-catenin,Fw3,24
53084,101.3124294,6579,102.4550844,46505,101.1507795,DKK1,Fw3,24
45582,2265.916129,5833,3885.478999,39749,2028.252031,Concanavadin A,Fw3,25
45582,426.2593129,5833,713.1323504,39749,384.1618909,APC,Fw3,25
45582,120.459326,5833,117.9478827,39749,120.8278699,Cyclin D1,Fw3,25
45582,584.692225,5833,1628.643237,39749,431.4967672,Cyclin E,Fw3,25
45582,307.0783423,5833,674.1155495,39749,253.2171627,EMMPRIN,Fw3,25
45582,138.3972182,5833,79.82204697,39749,146.9928803,WNT-1,Fw3,25
45582,441.7233338,5833,1884.308075,39749,230.0300385,Non-phospho-B-catenin,Fw3,25
45582,95.5069545,5833,97.13920795,39749,95.26742811,DKK1,Fw3,25
41469,3620.070486,8254,8745.985462,33215,2346.269426,Concanavadin A,Fw3,26
41469,453.3881454,8254,668.3697601,33215,399.9647448,APC,Fw3,26
41469,126.6778316,8254,126.6696147,33215,126.6798736,Cyclin D1,Fw3,26
41469,721.0785647,8254,1473.364551,33215,534.1338552,Cyclin E,Fw3,26
41469,404.8528539,8254,692.0224134,33215,333.4905916,EMMPRIN,Fw3,26
41469,163.9671803,8254,114.7779259,33215,176.1908174,WNT-1,Fw3,26
41469,591.0301189,8254,1983.361522,33215,245.0327262,Non-phospho-B-catenin,Fw3,26
41469,100.9152379,8254,112.6573782,33215,97.99729038,DKK1,Fw3,26
46187,2133.633685,6860,5939.339796,39327,1469.785847,Concanavadin A,Fw3,27
46187,338.8515383,6860,595.698105,39327,294.0485417,APC,Fw3,27
46187,110.8553056,6860,121.1661808,39327,109.0567295,Cyclin D1,Fw3,27
46187,444.0570507,6860,1483.64723,39327,262.7162763,Cyclin E,Fw3,27
46187,296.1525537,6860,696.5750729,39327,226.304905,EMMPRIN,Fw3,27
46187,121.5008552,6860,104.5667638,39327,124.4547512,WNT-1,Fw3,27
46187,416.6702319,6860,1669.138484,39327,198.1960994,Non-phospho-B-catenin,Fw3,27
46187,92.37616645,6860,101.7027697,39327,90.74928166,DKK1,Fw3,27
29649,3875.298425,3447,4259.804468,26202,3824.714793,Concanavadin A,Fw3,28
29649,383.7112887,3447,503.5349579,26202,367.9479047,APC,Fw3,28
29649,112.2335998,3447,120.1044386,26202,111.1981528,Cyclin D1,Fw3,28
29649,540.660798,3447,1518.978822,26202,411.9583238,Cyclin E,Fw3,28
29649,322.6807312,3447,884.4577894,26202,248.7762385,EMMPRIN,Fw3,28
29649,145.833991,3447,72.61299681,26202,155.4665674,WNT-1,Fw3,28
29649,381.9032345,3447,1777.766754,26202,198.2706282,Non-phospho-B-catenin,Fw3,28
29649,99.41937333,3447,97.63011314,26202,99.65475918,DKK1,Fw3,28
21862,2353.691016,4002,2017.527236,17860,2429.017301,Concanavadin A,Fw3,29
21862,361.8200531,4002,471.4372814,17860,337.2574468,APC,Fw3,29
21862,110.7114628,4002,112.6769115,17860,110.2710526,Cyclin D1,Fw3,29
21862,700.0341689,4002,1119.194153,17860,606.1104143,Cyclin E,Fw3,29
21862,368.8174915,4002,591.6816592,17860,318.8789474,EMMPRIN,Fw3,29
21862,139.111106,4002,54.5009995,17860,158.0702128,WNT-1,Fw3,29
21862,372.5778977,4002,1461.078961,17860,128.6707727,Non-phospho-B-catenin,Fw3,29
21862,93.12835056,4002,92.9017991,17860,93.17911534,DKK1,Fw3,29
19467,2475.82853,3926,6444.740703,15541,1473.193617,Concanavadin A,Fw3,30
19467,459.8513895,3926,554.6693836,15541,435.8982691,APC,Fw3,30
19467,122.5958802,3926,116.2093734,15541,124.2092529,Cyclin D1,Fw3,30
19467,484.4932963,3926,1284.717524,15541,282.3389743,Cyclin E,Fw3,30
19467,377.1797401,3926,762.0175751,15541,279.9611994,EMMPRIN,Fw3,30
19467,151.9470899,3926,113.2312787,15541,161.7275594,WNT-1,Fw3,30
19467,472.4976113,3926,1455.043046,15541,224.2849238,Non-phospho-B-catenin,Fw3,30
19467,100.9220733,3926,99.06724401,15541,101.3906441,DKK1,Fw3,30
