Cell mean_intensity,Nuclei mean_intensity,Cyto mean_intensity,Marker,Condition,Id
1473.3074279939362,8407.89026915114,1117.442201444964,Concanavadin A,Fw1,0
213.94087923193533,300.39026915113874,209.5045155121122,APC,Fw1,0
87.49802930773117,94.75258799171843,87.12574373140671,Cyclin D1,Fw1,0
261.50727640222334,895.0983436853002,228.99298767530811,Cyclin E,Fw1,0
225.03395654370894,385.2691511387164,216.81109222269444,EMMPRIN,Fw1,0
125.15356240525517,66.68944099378882,128.15379303017426,WNT-1,Fw1,0
352.81430015159174,1135.2722567287785,312.66053973650656,Non-phospho-B-catenin,Fw1,0
114.01096513390601,113.70600414078675,114.02661495962602,DKK1,Fw1,0
1622.156853854203,4762.052085845189,1091.1799942910736,Concanavadin A,Fw1,1
277.02256714335545,345.74849288642395,265.40056273702237,APC,Fw1,1
87.68311824206488,92.71063419339282,86.83293234922319,Cyclin D1,Fw1,1
324.1428322288106,931.4719074029418,221.43950577009338,Cyclin E,Fw1,1
245.5296128357168,379.6226187605498,222.85360681808913,EMMPRIN,Fw1,1
113.75176142309034,85.10055461779599,118.59686824613628,WNT-1,Fw1,1
402.4642832228811,1205.2266698818423,266.71190311136485,Non-phospho-B-catenin,Fw1,1
116.88276944541333,114.26308174584037,117.32577580230804,DKK1,Fw1,1
2041.7417475728155,5264.048377463667,1492.7407909911133,Concanavadin A,Fw1,2
296.6424286335314,403.1178578538722,278.5016620310698,APC,Fw1,2
95.61721489639183,93.3057933505873,96.011023675463,Cyclin D1,Fw1,2
411.6751195478916,1147.5857057535338,286.2942473373584,Cyclin E,Fw1,2
312.0999855093465,549.493927931515,271.65395834746624,EMMPRIN,Fw1,2
117.46074481959137,73.12283495918774,125.01482260362255,WNT-1,Fw1,2
492.4286045500652,1492.7364125024885,322.00101757004273,Non-phospho-B-catenin,Fw1,2
116.40550644834082,118.99104121043202,115.96499559052981,DKK1,Fw1,2
2031.4375589215008,3925.97853381936,1683.4520160690374,Concanavadin A,Fw1,3
285.62582490101187,354.8904414742811,272.9034369885434,APC,Fw1,3
90.9021117465904,93.43782908059943,90.4363561969945,Cyclin D1,Fw1,3
407.76167431336813,1199.818347509113,262.2782696027377,Cyclin E,Fw1,3
282.0819873043806,403.1968408262454,259.83585031989287,EMMPRIN,Fw1,3
128.5525422663566,59.8134872417983,141.1783960720131,WNT-1,Fw1,3
485.31657343975866,1461.5115431348725,306.01101026632944,Non-phospho-B-catenin,Fw1,3
114.69191125636353,114.50931551235318,114.72545008183306,DKK1,Fw1,3
1670.1187205172057,3246.6605263157894,1422.611015677662,Concanavadin A,Fw1,4
289.48456088255745,350.2518005540166,279.94446498075627,APC,Fw1,4
91.53381946663158,93.69362880886426,91.19474222096588,Cyclin D1,Fw1,4
480.1830517393674,991.7105263157895,399.876274761356,Cyclin E,Fw1,4
371.4279163299442,461.6031855955679,357.27093435386723,EMMPRIN,Fw1,4
124.07314552049465,68.7270083102493,132.76216051664528,WNT-1,Fw1,4
524.6256460373245,1353.2569252077562,394.5354541303355,Non-phospho-B-catenin,Fw1,4
118.59288842113176,117.46994459833795,118.76918393528888,DKK1,Fw1,4
2206.5040413928123,3119.8769996445076,2035.9495502671843,Concanavadin A,Fw1,5
355.25741854286116,352.29790259509423,355.8100501178267,APC,Fw1,5
93.895007691232,92.7397795947387,94.11072388728468,Cyclin D1,Fw1,5
438.47682841560624,1169.211162460007,302.0265193003419,Cyclin E,Fw1,5
369.85104181233396,488.93796658371843,347.6138935908925,EMMPRIN,Fw1,5
140.55474758774997,61.80092428012798,155.260479936274,WNT-1,Fw1,5
549.3498531673891,1410.6612157838606,388.5168442364499,Non-phospho-B-catenin,Fw1,5
123.65039854565795,118.753110558123,124.5648710544658,DKK1,Fw1,5
2324.1949033328524,7691.647880461263,1653.7396887869997,Concanavadin A,Fw1,6
315.7154090318857,511.19717394835146,291.2975391045018,APC,Fw1,6
96.28419419997114,105.5000812083807,95.13302631312004,Cyclin D1,Fw1,6
516.5231387967104,1273.4234204969953,421.9777849911749,Cyclin E,Fw1,6
362.54036214110516,572.9074224459964,336.2631514881013,EMMPRIN,Fw1,6
161.45094502957727,70.03540685398733,172.8697733866223,WNT-1,Fw1,6
596.1765437887751,1756.8809485138866,451.19151569251994,Non-phospho-B-catenin,Fw1,6
125.73338984273553,125.20805587136593,125.79900996125053,DKK1,Fw1,6
4476.948430581136,10740.960410924581,3315.6853400222967,Concanavadin A,Fw1,7
401.08675888553626,643.7176146329241,356.1062801932367,APC,Fw1,7
100.1079979623026,108.45803056877975,98.56001486436269,Cyclin D1,Fw1,7
730.4944942983659,1559.772989225758,576.7574786324786,Cyclin E,Fw1,7
421.7897644892041,718.5890754196943,366.7671869193608,EMMPRIN,Fw1,7
176.64845801167758,110.62440491104987,188.8884243775548,WNT-1,Fw1,7
707.7542223441358,2036.7812578301177,461.37058714232626,Non-phospho-B-catenin,Fw1,7
129.02696030408714,135.59909797043346,127.80857487922705,DKK1,Fw1,7
2127.977117531813,1444.0594608879492,2242.9840906565937,Concanavadin A,Fw1,8
392.63819831472426,242.89230972515855,417.81933118542383,APC,Fw1,8
96.67631674053222,82.4541490486258,99.06790356627042,Cyclin D1,Fw1,8
403.4043330226542,495.5339587737844,387.9118986779247,Cyclin E,Fw1,8
302.420615144656,378.74524312896403,289.58593489612264,EMMPRIN,Fw1,8
129.04922678941662,20.267970401691333,147.34178424619486,WNT-1,Fw1,8
423.36878245487225,1153.4924682875264,300.5918453505166,Non-phospho-B-catenin,Fw1,8
109.9467217012535,86.25607822410149,113.93051883124097,DKK1,Fw1,8
3234.107776846419,5917.057874605022,2895.6999286793084,Concanavadin A,Fw1,9
354.2720126664804,485.3156494262431,337.74311965094813,APC,Fw1,9
98.82987799199032,105.8144021287211,97.94890082228562,Cyclin D1,Fw1,9
502.78724038371985,1327.0074837851323,398.8260823963752,Cyclin E,Fw1,9
372.0538697960324,667.3405953766838,334.8085458969626,EMMPRIN,Fw1,9
161.0552109527801,66.34608348578081,173.00113274039268,WNT-1,Fw1,9
564.5673465586291,1789.1295526359554,410.10995972478605,Non-phospho-B-catenin,Fw1,9
128.07743317500234,130.00498919008814,127.83430525255915,DKK1,Fw1,9
3322.689326177698,9005.285714285714,1282.2967059160032,Concanavadin A,Fw1,10
461.4904416149286,582.317843866171,418.10616389378845,APC,Fw1,10
101.4306008628854,108.90228359001593,98.74781903990085,Cyclin D1,Fw1,10
718.0176786278017,1754.1388741370154,345.9880821852505,Cyclin E,Fw1,10
462.36430600862883,761.8000531067446,354.8489297802355,EMMPRIN,Fw1,10
198.71075800624365,106.88940520446097,231.68012585212375,WNT-1,Fw1,10
872.6832929951945,2174.0058417419013,405.43051914001046,Non-phospho-B-catenin,Fw1,10
128.7774387035673,136.82288900690386,125.88863993898079,DKK1,Fw1,10
2817.535440526648,5458.9547697368425,2551.881728256195,Concanavadin A,Fw1,11
394.81746174888025,421.0754934210526,392.1766301650842,APC,Fw1,11
99.11022935641927,101.82927631578947,98.83676845204619,Cyclin D1,Fw1,11
477.1189166441218,1596.5955592105263,364.53053561385514,Cyclin E,Fw1,11
404.6748128776265,791.1230263157895,365.80881331260133,EMMPRIN,Fw1,11
138.43449965431208,70.93552631578947,145.22302907996163,WNT-1,Fw1,11
586.0894429915531,2164.4777960526317,427.34723922321103,Non-phospho-B-catenin,Fw1,11
125.71222232242162,133.71381578947367,124.90748337578985,DKK1,Fw1,11
3682.3136697812015,6523.904201339557,3203.073697542274,Concanavadin A,Fw1,12
368.0267127500659,443.60929571747516,355.279557746286,APC,Fw1,12
93.62397117834861,99.73492997767404,92.59334565619224,Cyclin D1,Fw1,12
557.3256788026127,1412.8733509234828,413.03583898131035,Cyclin E,Fw1,12
382.80864649541604,621.0263852242743,342.63274457451905,EMMPRIN,Fw1,12
163.1048592601271,69.92084432717678,178.82053125213938,WNT-1,Fw1,12
625.2461849389298,1736.3221026994115,437.86099130553845,Non-phospho-B-catenin,Fw1,12
124.17404293957412,121.2668966916988,124.66433901554049,DKK1,Fw1,12
3588.692662867037,4775.219870048208,3342.0401725415013,Concanavadin A,Fw1,13
358.2145227617055,435.5904422552924,342.12979826587076,APC,Fw1,13
97.32140538200707,100.53741354013833,96.65286915602806,Cyclin D1,Fw1,13
851.5787100497799,1244.2284636344582,769.9556010631345,Cyclin E,Fw1,13
413.96620012986074,525.6340389855376,390.7529519410919,EMMPRIN,Fw1,13
179.26982180217877,56.78809473904842,204.73103568471961,WNT-1,Fw1,13
669.2237933771012,1700.814504296793,454.7791381639144,Non-phospho-B-catenin,Fw1,13
125.75532068393333,122.21274365961014,126.49174327915995,DKK1,Fw1,13
2697.872164554031,5692.737199333174,2421.260929337366,Concanavadin A,Fw1,14
328.89146521953626,481.0177423195999,314.8408028594996,APC,Fw1,14
94.68841053935141,104.8502024291498,93.74984877646412,Cyclin D1,Fw1,14
508.981555128218,1484.4429626101453,418.8861479241133,Cyclin E,Fw1,14
379.97775943135025,682.6764705882352,352.019950508661,EMMPRIN,Fw1,14
148.94895442143311,49.22600619195047,158.1595490789112,WNT-1,Fw1,14
534.6783625142212,2255.165991902834,375.77096508111083,Non-phospho-B-catenin,Fw1,14
126.64036527289751,117.98368659204573,127.43991201539731,DKK1,Fw1,14
1735.2157864357864,5338.832289383025,1369.435594621229,Concanavadin A,Fw1,15
340.2522655122655,503.7503914813655,323.65661061131067,APC,Fw1,15
98.39759018759018,109.5543376135296,97.26513971453095,Cyclin D1,Fw1,15
477.5104329004329,1556.5264641403069,367.9863782306005,Cyclin E,Fw1,15
355.0956277056277,616.7904791731913,328.53264774136125,EMMPRIN,Fw1,15
128.78239538239538,87.49013466958972,132.9737101440061,WNT-1,Fw1,15
601.5317316017316,2028.6006890072033,456.6790380519439,Non-phospho-B-catenin,Fw1,15
126.15443001443002,132.95223927341058,125.4644276313698,DKK1,Fw1,15
5265.396441108825,9639.27853097649,4328.973950104714,Concanavadin A,Fw1,16
480.10649437114154,704.2620559464561,432.1161039056472,APC,Fw1,16
103.54823871202034,112.23923116526514,101.68754822353677,Cyclin D1,Fw1,16
649.4662873744098,2016.4657628282134,356.79972076275857,Cyclin E,Fw1,16
415.7566275269338,812.2306504204565,330.8738655987067,EMMPRIN,Fw1,16
242.03374288827018,96.72146902351125,273.144248080244,WNT-1,Fw1,16
756.9729754267038,2550.94662776729,372.89374288128744,Non-phospho-B-catenin,Fw1,16
133.5511439293064,125.05096962416337,135.37098137193667,DKK1,Fw1,16
6608.49714955343,9944.76155624037,5951.917481616253,Concanavadin A,Fw1,17
488.59802369037817,648.1365562403698,457.2007050261542,APC,Fw1,17
112.80002533730284,114.00828197226502,112.56223940565538,Cyclin D1,Fw1,17
611.2296826502819,1881.4884437596302,361.24167993328786,Cyclin E,Fw1,17
464.14857160955216,848.0344761171033,388.5994996588583,EMMPRIN,Fw1,17
169.20330018369543,127.75520030816641,177.3603214312789,WNT-1,Fw1,17
788.3982390574523,2374.7586671802774,476.20115988173757,Non-phospho-B-catenin,Fw1,17
142.407233799962,137.06317411402156,143.45894928360246,DKK1,Fw1,17
3524.4177241486764,5464.630127774041,3301.6948953005885,Concanavadin A,Fw1,18
416.7865588698648,494.7980833893746,407.8313808742642,APC,Fw1,18
99.95659851462008,98.40030262273034,100.1352504101129,Cyclin D1,Fw1,18
539.4164949881412,1266.4024882313383,455.96358197433176,Cyclin E,Fw1,18
383.993888821564,726.1795561533288,344.71336485573676,EMMPRIN,Fw1,18
182.90267126014922,69.97528581035643,195.86594615458844,WNT-1,Fw1,18
550.661409552828,1811.9894082044384,405.86976744186046,Non-phospho-B-catenin,Fw1,18
129.34703876183715,124.24798251513114,129.93237479494354,DKK1,Fw1,18
2881.6425268350104,3690.5619772678533,2595.3976854486814,Concanavadin A,Fw1,19
419.9487962781312,500.6328543855887,391.3978751660027,APC,Fw1,19
96.33314649253104,98.49174351276002,95.56930373743123,Cyclin D1,Fw1,19
637.574675597657,1501.363285438559,331.9137924492506,Cyclin E,Fw1,19
429.29690871892603,602.7905854600043,367.90430658319104,EMMPRIN,Fw1,19
138.2386143886102,63.50739867038387,164.6830582432176,WNT-1,Fw1,19
822.4925310389283,1895.4130388162127,442.8280781635363,Non-phospho-B-catenin,Fw1,19
122.21134497351531,121.9685824576453,122.29724909884273,DKK1,Fw1,19
5904.158667108021,10272.49708431836,3551.4630336983278,Concanavadin A,Fw1,20
457.5215712236566,667.0408195429472,344.6788897377133,APC,Fw1,20
110.66445989186803,116.27328605200945,107.64366352601647,Cyclin D1,Fw1,20
995.053293611387,1960.4365642237983,475.1180714710126,Cyclin E,Fw1,20
513.0347567030784,621.4980299448384,454.6187080892963,EMMPRIN,Fw1,20
402.3813306852036,51.937903861308115,591.1228248875308,WNT-1,Fw1,20
1105.4642502482623,2229.9582348305753,499.8353280706222,Non-phospho-B-catenin,Fw1,20
133.78456361028358,143.10717100078801,128.76360241066124,DKK1,Fw1,20
1896.4924130601642,3718.1194270728265,1584.226095376422,Concanavadin A,Fw1,21
294.014967231505,474.2259431107525,263.1229034823806,APC,Fw1,21
95.23053079057685,100.13395198708896,94.38997821350763,Cyclin D1,Fw1,21
483.9451201511484,1478.7843453701835,313.4081336238199,Cyclin E,Fw1,21
389.18075810356027,630.9255598144039,347.74046408686934,EMMPRIN,Fw1,21
114.10261557536754,59.96045995561832,123.38375350140056,WNT-1,Fw1,21
606.742191651414,1998.6318337704256,368.1421655081786,Non-phospho-B-catenin,Fw1,21
123.3717010096239,124.86221504942506,123.11619462599855,DKK1,Fw1,21
1833.7057054501092,5488.692554194156,1186.1302184222832,Concanavadin A,Fw1,22
359.08789400516355,574.787370405278,320.871150891724,APC,Fw1,22
95.6856470054189,102.1555136663525,94.5393427292766,Cyclin D1,Fw1,22
493.627372542344,1262.2838831291235,357.43998396900673,Cyclin E,Fw1,22
356.23735353363406,502.32893496701223,330.3534500033398,EMMPRIN,Fw1,22
132.96615314778563,108.26861451460886,137.34196112484136,WNT-1,Fw1,22
613.1490339603371,1667.0531573986805,426.42265045755124,Non-phospho-B-catenin,Fw1,22
125.88782024002043,131.96248821866163,124.81153563556208,DKK1,Fw1,22
3119.4613715162905,6836.757656458056,2416.5969787568843,Concanavadin A,Fw1,23
387.83156446020695,527.5136484687084,361.420550747443,APC,Fw1,23
97.2807347219649,107.38781624500666,95.36969315499607,Cyclin D1,Fw1,23
707.0518751819601,2259.4181091877495,413.5312981904013,Cyclin E,Fw1,23
409.619087949607,680.8075898801598,358.34291109362704,EMMPRIN,Fw1,23
141.43066987798744,50.030459387483354,158.71257277734068,WNT-1,Fw1,23
711.8328084058968,2531.234187749667,367.8213690007868,Non-phospho-B-catenin,Fw1,23
124.24166953391737,129.4502330226365,123.25683713611329,DKK1,Fw1,23
3982.041982942801,8792.724256951102,3502.866567346627,Concanavadin A,Fw1,24
455.7422139618905,572.9096836049856,444.0715677286271,APC,Fw1,24
98.71966788834656,111.93480345158197,97.40335396134158,Cyclin D1,Fw1,24
467.8960240398812,1661.1271332694153,349.0424020169608,Cyclin E,Fw1,24
395.8994111618697,848.4788111217641,350.81954312781727,EMMPRIN,Fw1,24
176.09542999079397,148.57698945349952,178.83644663457866,WNT-1,Fw1,24
606.9422452276319,2175.7163950143818,450.68208037283216,Non-phospho-B-catenin,Fw1,24
138.57513331364748,142.3188878235858,138.20223088089236,DKK1,Fw1,24
3446.625341148741,7835.6937295480675,2513.4500291457475,Concanavadin A,Fw1,25
440.06396538890954,538.7213230742018,419.08807656869936,APC,Fw1,25
100.64739176280858,111.1462810648271,98.41518587465448,Cyclin D1,Fw1,25
598.7077130628954,2401.896878040152,215.32530414997836,Cyclin E,Fw1,25
406.69665674233966,703.1140001768816,343.6743197758598,EMMPRIN,Fw1,25
222.53529338791714,64.07464402582471,256.2261710009214,WNT-1,Fw1,25
655.4763832030766,2422.574865127797,279.76734171978717,Non-phospho-B-catenin,Fw1,25
132.03910805111028,127.8797205271071,132.92345010436057,DKK1,Fw1,25
1886.4490833400048,7037.514805959168,1257.4746558268016,Concanavadin A,Fw1,26
300.8404451204868,489.1951443810925,277.84126485054014,APC,Fw1,26
92.19678168281162,97.84329593525841,91.5073101713567,Cyclin D1,Fw1,26
469.3189696581539,1307.0217031451168,367.0307004738698,Cyclin E,Fw1,26
339.66876150828597,617.9439028876219,305.6897837267276,EMMPRIN,Fw1,26
141.86922584260668,101.13058672061798,146.84364542861636,WNT-1,Fw1,26
548.9024897926507,1736.812764392128,403.85188761874815,Non-phospho-B-catenin,Fw1,26
118.65497157953726,124.63932315615229,117.92424820895187,DKK1,Fw1,26
2775.920495676654,10674.052895672172,1696.6151252821348,Concanavadin A,Fw1,27
356.0220943092701,620.5682625966966,319.87100368560897,APC,Fw1,27
95.84244922581942,104.44616349571399,94.6667238078912,Cyclin D1,Fw1,27
463.0744017695556,1469.027806815806,325.60761121110824,Cyclin E,Fw1,27
353.617836316107,881.5879155341836,281.46901517099514,EMMPRIN,Fw1,27
165.28327971043635,126.36608822914489,170.60143995885832,WNT-1,Fw1,27
583.4961290971245,1880.5210119172068,406.25347847204364,Non-phospho-B-catenin,Fw1,27
127.35783229438971,131.50344971775036,126.79132024799291,DKK1,Fw1,27
2985.2810159436413,7686.738108484005,2262.212,Concanavadin A,Fw1,28
365.3468668891361,524.289290681502,340.9020320855615,APC,Fw1,28
92.40810159436411,104.51321279554938,90.54637433155081,Cyclin D1,Fw1,28
470.78173896922505,2025.7611961057023,231.63088770053477,Cyclin E,Fw1,28
370.50114942528734,625.7599443671767,331.24316577540105,EMMPRIN,Fw1,28
125.54909158324064,85.51515994436717,131.70618181818182,WNT-1,Fw1,28
557.3407675194661,2219.4340751043114,301.7161497326203,Non-phospho-B-catenin,Fw1,28
122.27261772339637,127.96467315716272,121.39719786096256,DKK1,Fw1,28
1842.9424203864314,5843.099358183164,1215.1477607314428,Concanavadin A,Fw1,29
391.26377122191343,430.5531967415453,385.09759026809235,APC,Fw1,29
95.47396443759837,100.36213280671438,94.70680303734697,Cyclin D1,Fw1,29
420.5176472558015,1558.2920266600838,241.95248334108166,Cyclin E,Fw1,29
330.49775642098916,592.6250308565786,289.3588447233845,EMMPRIN,Fw1,29
134.38746944379332,79.55751666255246,142.99261971176196,WNT-1,Fw1,29
523.3866825168268,1979.5710935571465,294.8494498682783,Non-phospho-B-catenin,Fw1,29
123.91276830860932,125.62379659343372,123.64423523942352,DKK1,Fw1,29
2308.908012360667,5006.223710649699,1976.0492003140885,Concanavadin A,Fw1,30
273.6998123827392,464.39132618888146,250.16776873166094,APC,Fw1,30
89.98513776992974,99.08389149363697,88.86231764268298,Cyclin D1,Fw1,30
393.3585696942942,1382.3948425987944,271.3078067529033,Cyclin E,Fw1,30
333.95574439907296,543.5229403884796,308.0943712030417,EMMPRIN,Fw1,30
139.11904499135488,71.11738111185532,147.51070380625697,WNT-1,Fw1,30
476.79178162822353,1551.83590087073,344.12732983427696,Non-phospho-B-catenin,Fw1,30
118.1588492808005,118.8739115874079,118.07060792660248,DKK1,Fw1,30
1614.2808507164143,4346.300341296928,1200.3813105198835,Concanavadin A,Fw1,31
382.4625872555823,386.4148309028855,381.8638243865752,APC,Fw1,31
96.84687920969915,93.4827800186162,97.35653849769672,Cyclin D1,Fw1,31
365.0143691064212,1242.665218740304,232.0507191877409,Cyclin E,Fw1,31
291.1205453729028,391.4992243251629,275.9132274137445,EMMPRIN,Fw1,31
139.93284892027594,59.71082842072603,152.08644354611263,WNT-1,Fw1,31
459.17614401763484,1571.7418554142102,290.62301400770895,Non-phospho-B-catenin,Fw1,31
124.13793525737846,114.42289792119143,125.60975839052364,DKK1,Fw1,31
5446.514133507284,8997.50777754102,4230.370721739765,Concanavadin A,Fw1,32
437.5905631659056,511.44065629661196,412.2984018098227,APC,Fw1,32
101.01125244618396,96.34498188791818,102.60935561555864,Cyclin D1,Fw1,32
542.215535986084,1160.0012784998935,330.63642997883676,Cyclin E,Fw1,32
365.87856055664275,510.06456424461965,316.497774210027,EMMPRIN,Fw1,32
177.8832354859752,88.81696143191988,208.38663066481791,WNT-1,Fw1,32
616.9042183083279,1432.949712337524,337.42516237320297,Non-phospho-B-catenin,Fw1,32
124.98010437051533,119.1615171532069,126.97285266000146,DKK1,Fw1,32
2615.8225302459737,7700.1397326852975,2256.893635271916,Concanavadin A,Fw1,33
273.312394840157,417.58444714459296,263.12746611768745,APC,Fw1,33
91.03389151510295,92.70230862697449,90.91610910962429,Cyclin D1,Fw1,33
246.06217450524798,1128.8153098420414,183.7439526505404,Cyclin E,Fw1,33
276.83663168015386,269.5455650060753,277.35134671470234,EMMPRIN,Fw1,33
177.79128274977967,93.28918590522478,183.75673357351175,WNT-1,Fw1,33
277.1371684961141,1247.944106925881,208.60276205180992,Non-phospho-B-catenin,Fw1,33
116.72646422562295,110.34872417982989,117.1767026934294,DKK1,Fw1,33
2042.4334335200122,4430.1434052757795,1805.8017681868955,Concanavadin A,Fw2,0
345.55534413043006,351.23956834532373,344.992014639827,APC,Fw2,0
110.24535645555387,113.38872901678657,109.93383558713786,Cyclin D1,Fw2,0
342.3658183233507,854.5661870503598,291.6047009054828,Cyclin E,Fw2,0
246.07059917400048,458.6242206235012,225.00568006274213,EMMPRIN,Fw2,0
116.53622937704067,69.11726618705036,121.23563942296266,WNT-1,Fw2,0
438.8177827750989,1592.806954436451,324.4528127005252,Non-phospho-B-catenin,Fw2,0
129.96272190628582,126.8832134292566,130.26791358699526,DKK1,Fw2,0
5471.873417721519,7189.178823081318,4908.27525,Concanavadin A,Fw2,1
766.2833749000047,1057.455722719482,670.72425,APC,Fw2,1
162.59926591689802,148.31536850123786,167.2870625,Cyclin D1,Fw2,1
671.8722883629006,1601.2763283184156,366.8535,Cyclin E,Fw2,1
387.575878782175,676.5351361645401,292.7430625,EMMPRIN,Fw2,1
145.6552632817279,110.06341649209675,157.3360625,WNT-1,Fw2,1
962.0499270622558,2452.8903066082653,472.77475,Non-phospho-B-catenin,Fw2,1
154.9232977271658,153.89506760617024,155.26075,DKK1,Fw2,1
1781.5664031463532,9842.889868667917,1330.9817215126156,Concanavadin A,Fw2,2
478.15512275544256,690.9842401500938,466.25911827009793,APC,Fw2,2
120.3628436357858,133.46829268292683,119.63031942784035,Cyclin D1,Fw2,2
409.08552161131416,1124.3403377110694,369.10661926634367,Cyclin E,Fw2,2
302.5546738439536,710.5502814258912,279.74991086222445,EMMPRIN,Fw2,2
131.4152729222946,105.11482176360225,132.8853268734663,WNT-1,Fw2,2
609.6352792785635,1895.8786116322701,537.7411858470186,Non-phospho-B-catenin,Fw2,2
136.715398061338,152.5281425891182,135.83155057782253,DKK1,Fw2,2
1752.5869699592038,5525.447903014417,1296.7279241473504,Concanavadin A,Fw2,3
462.3888879077407,881.9539646133683,411.69459015419943,APC,Fw2,3
121.59459936774809,122.52441022280472,121.48225420138958,Cyclin D1,Fw2,3
469.203168323826,1263.1847968545217,373.26968071418673,Cyclin E,Fw2,3
321.026420359218,567.6988859764089,291.2220154793246,EMMPRIN,Fw2,3
139.72772548257774,76.0199868938401,147.42526574160217,WNT-1,Fw2,3
679.1365699450753,2046.5008191349934,513.9236524871831,Non-phospho-B-catenin,Fw2,3
137.5693799339491,142.74000655307995,136.9446346918981,DKK1,Fw2,3
2093.150489366399,9649.604242204496,1239.7229934479935,Concanavadin A,Fw2,4
365.9713187136655,700.5119651921682,328.1882268632269,APC,Fw2,4
114.42122304805358,127.93709209572154,112.89473791973792,Cyclin D1,Fw2,4
376.51072558687173,1106.6615300942713,294.04733824733825,Cyclin E,Fw2,4
270.45365736993153,624.6997824510515,230.44502457002457,EMMPRIN,Fw2,4
121.18939951431305,95.35732414793328,124.1068796068796,WNT-1,Fw2,4
515.6896754728089,1853.1437635968093,364.637325962326,Non-phospho-B-catenin,Fw2,4
132.47341599823386,147.65155910079767,130.7591932841933,DKK1,Fw2,4
2313.7607164615574,4535.510347864377,2037.2368125393912,Concanavadin A,Fw2,5
439.28970391129525,692.3031704095113,407.7990847559806,APC,Fw2,5
122.00565371024734,120.15037428445619,122.23656591675116,Cyclin D1,Fw2,5
500.08631655903497,1015.1856010568032,435.97591318883076,Cyclin E,Fw2,5
301.0367734860485,511.614927344782,274.8277477872469,EMMPRIN,Fw2,5
117.8970878518338,70.90070453544693,123.74636231606061,WNT-1,Fw2,5
637.683246009504,1726.8434610303832,502.12394157783683,Non-phospho-B-catenin,Fw2,5
137.14407213354454,133.50506384852488,137.5969912037925,DKK1,Fw2,5
1370.99819397611,3712.7542513167796,1178.5072365165759,Concanavadin A,Fw2,6
417.79080985311765,697.1730624529722,394.82575457694213,APC,Fw2,6
122.06605703834943,124.16463506395786,121.89355517070757,Cyclin D1,Fw2,6
436.7772418128822,952.0118886380737,394.4252597723899,Cyclin E,Fw2,6
321.39278733497173,489.9673438675696,307.5360588817417,EMMPRIN,Fw2,6
151.12266102760472,46.580285929270126,159.71598218703613,WNT-1,Fw2,6
607.1601417385838,1597.2860797592175,525.7723775358734,Non-phospho-B-catenin,Fw2,6
140.90318340286908,136.70353649360422,141.24839188520534,DKK1,Fw2,6
1331.5694854945623,2131.611909650924,1230.8695441475786,Concanavadin A,Fw2,7
421.096100318517,645.0161704312115,392.91167253578004,APC,Fw2,7
116.69973313437976,111.78080082135524,117.31887054566602,Cyclin D1,Fw2,7
423.3690780223249,926.5041067761807,360.04035150066227,Cyclin E,Fw2,7
329.82137220580216,614.0705852156058,294.04342067004814,EMMPRIN,Fw2,7
115.45166288846166,42.49358316221766,124.63476884308467,WNT-1,Fw2,7
618.8844730121381,1768.0064168377824,474.2465027622524,Non-phospho-B-catenin,Fw2,7
136.4977761198313,128.44969199178644,137.5107743998966,DKK1,Fw2,7
3307.818281136198,15000.192986585078,2502.0296164139163,Concanavadin A,Fw2,8
600.9436149550862,758.5791951047305,590.0800421701402,APC,Fw2,8
132.12735190580239,146.54224523417275,131.13393885329657,Cyclin D1,Fw2,8
441.09128429230395,1455.7858319604613,371.16285783796934,Cyclin E,Fw2,8
338.1421309783928,719.341492115792,311.8714946070878,EMMPRIN,Fw2,8
248.74657076960426,115.38762061661568,257.9371016138188,WNT-1,Fw2,8
583.9711853605244,2307.4285714285716,465.197842835131,Non-phospho-B-catenin,Fw2,8
143.07523063850448,145.8832666509767,142.88171275646744,DKK1,Fw2,8
2522.5269916970724,6941.614278103357,1669.6382986015903,Concanavadin A,Fw2,9
431.74324130203695,748.4736281299947,370.6139292569235,APC,Fw2,9
121.99856350734048,128.73166400284143,120.69906772689882,Cyclin D1,Fw2,9
469.63010314017293,1189.6702184336707,330.66157115437346,Cyclin E,Fw2,9
326.8979228316143,558.5585153613923,282.1871743899095,EMMPRIN,Fw2,9
152.62435716953487,118.76540578938021,159.15917192212777,WNT-1,Fw2,9
669.6437210905852,1632.7971941040669,483.7540444200713,Non-phospho-B-catenin,Fw2,9
143.68394288505186,148.33262297993252,142.7867425281053,DKK1,Fw2,9
3907.993188524076,6113.332055981339,3396.0638923267325,Concanavadin A,Fw2,10
595.1083244397012,894.465011662779,525.6181157178218,APC,Fw2,10
127.77129763324754,130.4290236587804,127.15435488861387,Cyclin D1,Fw2,10
977.5755540209681,1375.943352215928,885.1017172029703,Cyclin E,Fw2,10
409.3300897733693,691.6364545151616,343.7978032178218,EMMPRIN,Fw2,10
176.540241069747,84.23375541486172,197.96751237623764,WNT-1,Fw2,10
891.4588800301337,2379.406697767411,546.058864480198,Non-phospho-B-catenin,Fw2,10
148.8542595266495,144.78823725424857,149.79811262376236,DKK1,Fw2,10
5386.1569589563005,5640.432401201756,5301.496306555863,Concanavadin A,Fw2,11
567.5038965537148,766.8398428472383,501.13527239150505,APC,Fw2,11
128.24204814408589,129.47168939218858,127.83264081255771,Cyclin D1,Fw2,11
987.2255383016799,1247.5493413450426,900.5510926438905,Cyclin E,Fw2,11
417.35305662991397,593.7871504506586,358.60957217605414,EMMPRIN,Fw2,11
189.3947930497027,86.19805870117865,223.75400123114804,WNT-1,Fw2,11
946.3423771863996,2050.039288190432,578.8680363188673,Non-phospho-B-catenin,Fw2,11
154.9218957455406,145.6038825976427,158.02431517389965,DKK1,Fw2,11
3640.981120459676,8016.714551659944,2403.4426114426115,Concanavadin A,Fw2,12
848.2245023599426,963.793980763264,815.539312039312,APC,Fw2,12
161.99404884054997,157.86379149860377,163.16216216216216,Cyclin D1,Fw2,12
668.016485395718,1735.6025442134658,366.0833625833626,Cyclin E,Fw2,12
388.68144195909434,646.3456407074154,315.80923130923134,EMMPRIN,Fw2,12
341.95656337642794,242.29754886751473,370.1419796419796,WNT-1,Fw2,12
895.501402284698,2488.6407074154513,444.9320814320814,Non-phospho-B-catenin,Fw2,12
156.36021615705587,165.6546695625194,153.73157248157247,DKK1,Fw2,12
3201.7709192034563,8256.319782421986,2140.9959144436434,Concanavadin A,Fw2,13
574.1535978546954,589.8382479244202,570.8619322278298,APC,Fw2,13
126.10090877489199,124.20555396507301,126.49867820235521,Cyclin D1,Fw2,13
405.0177285593683,1316.258517034068,213.77980052871905,Cyclin E,Fw2,13
322.6744301534489,580.0575436587461,268.65861571737565,EMMPRIN,Fw2,13
189.7526443859562,122.29745204695105,203.90915645277576,WNT-1,Fw2,13
623.5110989720415,2130.0354995705698,307.3437274693583,Non-phospho-B-catenin,Fw2,13
137.1849828673586,142.94789579158316,135.97554674357124,DKK1,Fw2,13
2588.494121273504,6949.432543993048,1479.834032917265,Concanavadin A,Fw2,14
558.730591395482,842.3617206169889,486.6244338893185,APC,Fw2,14
129.85935091813818,145.5578970236802,125.86838617033028,Cyclin D1,Fw2,14
608.7521687436699,1232.3832283293505,450.20948856732576,Cyclin E,Fw2,14
356.3759302479193,648.3447751466435,282.1501159836518,EMMPRIN,Fw2,14
165.46941741159893,114.00499674125571,178.55296586766818,WNT-1,Fw2,14
751.2934959707605,1770.4640451879209,492.19474207445046,Non-phospho-B-catenin,Fw2,14
146.4101457571888,151.38735607212686,145.14481387385396,DKK1,Fw2,14
1757.8343755313322,5471.209930981595,1351.921034432173,Concanavadin A,Fw2,15
428.01511344529877,519.9591641104295,417.9646038099629,APC,Fw2,15
114.46483290197041,125.10985429447852,113.30121340402792,Cyclin D1,Fw2,15
396.3263370676138,1508.060582822086,274.8013915376071,Cyclin E,Fw2,15
300.5819432112293,632.8870782208589,264.2572877590796,EMMPRIN,Fw2,15
112.00721667013016,54.8211273006135,118.25829368987992,WNT-1,Fw2,15
585.0750382559085,1936.4206288343557,437.3579017960056,Non-phospho-B-catenin,Fw2,15
136.7275990402962,141.20437116564418,136.23823794454808,DKK1,Fw2,15
4662.183310533515,12415.526539880784,2200.7046949626024,Concanavadin A,Fw2,16
800.0092339261286,1167.0417258018733,683.4862575470848,APC,Fw2,16
140.69274965800273,149.69372693726936,137.83518067946292,Cyclin D1,Fw2,16
790.7194938440492,1895.441669032075,439.9998197711093,Cyclin E,Fw2,16
553.9967852257182,911.2245245529379,440.58655492475447,EMMPRIN,Fw2,16
348.00129958960326,278.86829406755606,369.9491754528251,WNT-1,Fw2,16
1075.7529411764706,2554.4195288106725,606.3159412453816,Non-phospho-B-catenin,Fw2,16
155.16149110807115,170.0417258018734,150.43741551770748,DKK1,Fw2,16
2048.8969931819297,4861.1154368492535,1270.865739871,Concanavadin A,Fw2,17
465.84902143522834,559.785196921684,439.8605423007076,APC,Fw2,17
119.2441261588267,129.10887279311905,116.51493518692466,Cyclin D1,Fw2,17
538.5273949085201,1684.4730647351744,221.48888471413363,Cyclin E,Fw2,17
331.8050718595183,612.0344047080126,254.27653578808943,EMMPRIN,Fw2,17
97.32918036003335,59.21208691715709,107.87469472102198,WNT-1,Fw2,17
939.3024966890665,1937.4363965595292,663.1577431273091,Non-phospho-B-catenin,Fw2,17
134.47280129494285,146.35400633770936,131.18573486129375,DKK1,Fw2,17
3247.370219786695,3756.7357674338123,3142.8492703192132,Concanavadin A,Fw2,18
632.1554121737081,504.15019899636616,658.4218655682988,APC,Fw2,18
135.7345177066761,112.38882159543174,140.52501509072187,Cyclin D1,Fw2,18
518.158859230452,1391.020245717252,339.0491779995029,Cyclin E,Fw2,18
352.70582169583406,574.5898944454058,307.1755849873948,EMMPRIN,Fw2,18
203.46449826174063,32.850839245544215,238.4741327273373,WNT-1,Fw2,18
616.8052560249838,1587.2986675895484,417.6616482619039,Non-phospho-B-catenin,Fw2,18
141.65149372458902,132.1278767952933,143.605723822036,DKK1,Fw2,18
2077.590444040509,6727.589748300569,1312.1763994314574,Concanavadin A,Fw2,19
435.3575175279148,582.6516626860188,411.1121359663713,APC,Fw2,19
121.49506621656712,130.01616755465736,120.092448664832,Cyclin D1,Fw2,19
552.152012464295,1702.4348704758406,362.80947772703905,Cyclin E,Fw2,19
317.7722409763698,618.3279441484475,268.2992106934406,EMMPRIN,Fw2,19
120.25876395741366,79.52709902627228,126.96340762693924,WNT-1,Fw2,19
686.8322773305634,1708.8278522873416,518.6064959022591,Non-phospho-B-catenin,Fw2,19
136.86956634640353,145.2248759875069,135.49423896936523,DKK1,Fw2,19
2063.2929485028153,5321.277495021022,1403.0170418871649,Concanavadin A,Fw2,20
455.86832979080435,655.5766762558088,415.39465422907887,APC,Fw2,20
118.67203639482418,133.35184775392787,115.69696833796753,Cyclin D1,Fw2,20
574.1718313010404,1894.0247842443018,306.6852632523096,Cyclin E,Fw2,20
421.2141179102808,1094.3292763885815,284.79796394295454,EMMPRIN,Fw2,20
106.6490286012604,87.03031644169064,110.62503363530361,WNT-1,Fw2,20
851.512920908379,1960.9581765877406,626.6684007534308,Non-phospho-B-catenin,Fw2,20
136.00503412014766,147.32086744855056,133.7117230244865,DKK1,Fw2,20
1317.3303591345082,3832.6117976602404,714.2471159924147,Concanavadin A,Fw2,21
384.7783690768299,498.7571263799637,357.4499446902655,APC,Fw2,21
113.67509002262516,115.73191629593013,113.18192951959544,Cyclin D1,Fw2,21
622.3800388770275,2274.0937551491184,226.35244152970924,Cyclin E,Fw2,21
291.98154934514514,644.9810512440271,207.34367098609354,EMMPRIN,Fw2,21
105.46196743252287,43.00197726149283,120.43785556257902,WNT-1,Fw2,21
696.5391160256206,2242.615257867853,325.83999683944376,Non-phospho-B-catenin,Fw2,21
131.737930594946,141.9370571758115,129.2925094816688,DKK1,Fw2,21
4633.074899431709,7547.25406551968,3550.1477491679802,Concanavadin A,Fw2,22
614.3631951982632,993.1557860004714,473.6015063934139,APC,Fw2,22
125.18434327309878,134.22814046665096,121.82361184095288,Cyclin D1,Fw2,22
760.8011621224698,1818.768324298845,367.65396741986336,Cyclin E,Fw2,22
484.9708830853713,823.1267970775394,359.3100367840252,EMMPRIN,Fw2,22
121.24481195325968,107.3568230025925,126.40567524960589,WNT-1,Fw2,22
930.8580550411851,1974.748998350224,542.9416710457173,Non-phospho-B-catenin,Fw2,22
145.59727986718602,155.44261135988688,141.93869329129444,DKK1,Fw2,22
2319.922729553437,8358.24487418453,1121.0293287690245,Concanavadin A,Fw2,23
533.6835848546837,885.197576887232,463.89138178285606,APC,Fw2,23
123.73082712570921,160.73392357875116,116.38395707082388,Cyclin D1,Fw2,23
541.2391061021267,1866.7968313140727,278.05301383170655,Cyclin E,Fw2,23
364.0806283530819,805.2085274930103,276.4958134801314,EMMPRIN,Fw2,23
138.64159172488326,126.7022367194781,141.01212009066938,WNT-1,Fw2,23
769.9977227990273,2050.675675675676,515.7223944118056,Non-phospho-B-catenin,Fw2,23
139.77532903624223,151.7979962721342,137.38825924041265,DKK1,Fw2,23
1521.5067530571273,6632.976468337479,829.4292449164616,Concanavadin A,Fw2,24
466.7032533308998,614.8280084178305,446.64761041315893,APC,Fw2,24
119.1402400073006,126.88482877367515,118.09164615982385,Cyclin D1,Fw2,24
462.4143091805074,1907.0153051463556,266.81971247247765,Cyclin E,Fw2,24
309.61112885563057,641.7015496460685,264.6470923455511,EMMPRIN,Fw2,24
112.24121646285819,88.16740003826287,115.50073824634114,WNT-1,Fw2,24
619.8777833546268,1803.564951214846,459.61012822173296,Non-phospho-B-catenin,Fw2,24
134.78111881730243,146.89860340539505,133.14044812848076,DKK1,Fw2,24
2460.2702101015725,7192.61171574904,1146.1515555555557,Concanavadin A,Fw2,25
763.6176081814388,850.3879641485275,739.5224444444444,APC,Fw2,25
125.66529845554473,131.60483354673497,124.01595555555555,Cyclin D1,Fw2,25
835.220711005983,2784.4228553137004,293.94893333333334,Cyclin E,Fw2,25
426.20561430360374,856.3364276568502,306.76306666666665,EMMPRIN,Fw2,25
259.7295116181995,99.10851472471191,304.33217777777776,WNT-1,Fw2,25
828.9080631696118,2419.01152368758,387.354,Non-phospho-B-catenin,Fw2,25
136.99565187143455,151.39724711907812,132.99648888888888,DKK1,Fw2,25
1212.5938584823023,5349.293015030946,794.7939668875355,Concanavadin A,Fw2,26
376.518427797424,642.5220159151194,349.6524977228483,APC,Fw2,26
118.28932939687895,131.16675508399646,116.98873033166045,Cyclin D1,Fw2,26
453.9254452843656,1973.0275862068966,300.4985979889625,Cyclin E,Fw2,26
308.12792395289233,780.8137931034482,260.38741940669036,EMMPRIN,Fw2,26
105.84354216007527,88.13969938107869,107.63160150738511,WNT-1,Fw2,26
630.108311974824,2083.559151193634,483.3121394509832,Non-phospho-B-catenin,Fw2,26
134.47621905719754,148.32201591511935,133.0778160775839,DKK1,Fw2,26
1154.871821035093,4156.2273366577165,817.6171230711761,Concanavadin A,Fw2,27
404.67854513516653,563.5861143076332,386.82250510042815,APC,Fw2,27
116.96008937912507,121.87149980820867,116.40820666072814,Cyclin D1,Fw2,27
480.4147475556359,1696.5238460554917,343.76365621677536,Cyclin E,Fw2,27
313.19867481239424,612.1852704257767,279.60231027844026,EMMPRIN,Fw2,27
109.13355204525787,87.72624984017389,111.53903623459097,WNT-1,Fw2,27
689.5069165493458,1741.5310062651836,571.293640987328,Non-phospho-B-catenin,Fw2,27
134.94567505779935,144.20662319396496,133.90504583201633,DKK1,Fw2,27
1802.7060491061222,4369.570546382065,1275.8668889317498,Concanavadin A,Fw2,28
424.3941292121988,574.21049805343,393.64489019921194,APC,Fw2,28
118.24166704768872,119.57215733655524,117.96858898410161,Cyclin D1,Fw2,28
547.1421288464177,2066.144717411733,235.3726338412366,Cyclin E,Fw2,28
337.7771478213159,670.2895690696738,269.5302399911829,EMMPRIN,Fw2,28
111.22863609345708,68.57645321519666,119.98283415534677,WNT-1,Fw2,28
684.6104659137671,2014.0175862531883,411.75471854076545,Non-phospho-B-catenin,Fw2,28
134.12317680947373,145.45939052221775,131.79646212768301,DKK1,Fw2,28
2269.3025293127853,7239.354286983563,1590.0113239624761,Concanavadin A,Fw2,29
412.0318367564969,686.218347401155,374.55687786514466,APC,Fw2,29
117.92692502871184,117.3440693025322,118.0065879352743,Cyclin D1,Fw2,29
482.20370716594107,1928.9637938693913,284.465041440238,Cyclin E,Fw2,29
267.08536096792284,600.8849400266548,221.4626734266371,EMMPRIN,Fw2,29
100.75711118826955,52.0726343847179,107.41115395124321,WNT-1,Fw2,29
604.01493015678,1934.3280764104843,422.19186981997024,Non-phospho-B-catenin,Fw2,29
129.33751769450603,141.11972456685916,127.72716233036826,DKK1,Fw2,29
8474.577509452372,19856.581566820278,4377.886714214629,Concanavadin A,Fw2,30
970.7350286620319,992.9548387096775,962.7375186598109,APC,Fw2,30
131.6719721917307,137.71981566820276,129.49518991540884,Cyclin D1,Fw2,30
862.7008781558727,2106.464285714286,415.03682202687014,Cyclin E,Fw2,30
524.9521283083303,916.6935483870968,383.95380660142644,EMMPRIN,Fw2,30
327.3321136723991,252.0741935483871,354.41947254934485,WNT-1,Fw2,30
894.7752774728625,2140.1170506912445,446.5431248963344,Non-phospho-B-catenin,Fw2,30
147.44066349554825,165.06152073732719,141.09844086913253,DKK1,Fw2,30
3112.4501940852856,4904.082432432432,2585.3662221258446,Concanavadin A,Fw2,31
521.3978050210841,699.8642506142506,468.89439444866093,APC,Fw2,31
117.92998966740205,124.21584766584766,116.08074017853916,Cyclin D1,Fw2,31
601.8378061381217,1824.267321867322,242.2087534786223,Cyclin E,Fw2,31
367.96190901728613,631.1025798525799,290.5480140229137,EMMPRIN,Fw2,31
139.2947303750454,76.01191646191646,157.91203151541436,WNT-1,Fw2,31
927.3102292719707,2137.4743243243242,571.2895659402219,Non-phospho-B-catenin,Fw2,31
139.403920802033,144.7406633906634,137.83389352705194,DKK1,Fw2,31
2070.8171839515517,6028.391528602689,1413.4134904974555,Concanavadin A,Fw2,32
430.9974840806875,588.4223194748358,404.8472063558002,APC,Fw2,32
117.21926348131986,126.37105345420444,115.69903416761865,Cyclin D1,Fw2,32
476.3497127844325,1582.8355736167553,292.54826565583136,Cyclin E,Fw2,32
292.2213341051788,572.7430447014692,245.62309170214976,EMMPRIN,Fw2,32
115.38239747072183,68.30306345733041,123.2028767265552,WNT-1,Fw2,32
595.9470766353476,1565.7278837136605,434.8540866133555,Non-phospho-B-catenin,Fw2,32
131.3893886093423,142.68130665833073,129.51365666216637,DKK1,Fw2,32
4984.08770747841,11534.540554414785,2931.1101279060413,Concanavadin A,Fw2,33
683.8459606786305,781.454568788501,653.2544445338267,APC,Fw2,33
121.78385496416978,127.45071868583162,120.00780307296276,Cyclin D1,Fw2,33
717.0097997182581,2101.0544147843943,283.2363446223152,Cyclin E,Fw2,33
403.0623507074172,719.4473819301849,303.9041106910144,EMMPRIN,Fw2,33
179.3458075580327,115.967659137577,199.20915453302229,WNT-1,Fw2,33
860.5315734672628,2107.9391683778235,469.5815300458531,Non-phospho-B-catenin,Fw2,33
138.05677711765787,146.90528747433265,135.28356528034752,DKK1,Fw2,33
1149.4896528292563,6120.423680456491,678.1485526849723,Concanavadin A,Fw2,34
338.7368421052632,404.35912981455067,332.51457459759234,APC,Fw2,34
110.4064430442303,103.69543509272468,111.04277695117003,Cyclin D1,Fw2,34
222.8790770941438,303.66833095577744,215.2186865954281,Cyclin E,Fw2,34
182.33336422041017,330.84771754636233,168.25131881509537,EMMPRIN,Fw2,34
101.80772794662712,64.36840228245364,105.35770323278777,WNT-1,Fw2,34
349.40931554237704,719.2820970042796,314.3381915325308,Non-phospho-B-catenin,Fw2,34
118.63099209290833,98.42796005706134,120.54663194914107,DKK1,Fw2,34
2053.427417259219,5091.32197891322,1535.5758447160317,Concanavadin A,Fw2,35
471.7812241619617,408.10608272506084,482.63554166897086,APC,Fw2,35
111.79823297347097,119.03811841038119,110.5640933473428,Cyclin D1,Fw2,35
992.0172922917011,948.2741281427412,999.4739257866504,Cyclin E,Fw2,35
275.92726370744845,516.4712084347121,234.923187524194,EMMPRIN,Fw2,35
177.63367272211855,20.1352798053528,204.48147431289055,WNT-1,Fw2,35
488.93005126266803,1628.0754257907543,294.7468063927446,Non-phospho-B-catenin,Fw2,35
129.30596962037276,133.1742092457421,128.6465741303987,DKK1,Fw2,35
1924.5594319990207,4184.543083172975,1018.1240030872137,Concanavadin A,Fw2,36
548.8479618068307,423.4160786829164,599.1562473201269,APC,Fw2,36
117.17811237605582,122.68484070985674,114.96947088585884,Cyclin D1,Fw2,36
578.3105031215571,1319.9478298054307,280.8542149043821,Cyclin E,Fw2,36
428.6839882482556,397.6085097284584,441.14775748220563,EMMPRIN,Fw2,36
120.63312522952626,71.53966217660894,140.32355715633307,WNT-1,Fw2,36
665.4536050924225,1285.3453068206115,416.82711602778494,Non-phospho-B-catenin,Fw2,36
129.9695801199657,134.18965148599528,128.27699168167396,DKK1,Fw2,36
6311.952209396368,3264.1863275039746,7228.672149961744,Concanavadin A,Fw2,37
322.0348503786486,215.87472178060415,353.96614384085694,APC,Fw2,37
108.4281302845379,104.87694753577107,109.4962700841622,Cyclin D1,Fw2,37
255.42592456437026,715.4451510333863,117.05939173680184,Cyclin E,Fw2,37
266.7086243658554,420.89157392686803,220.33282325937262,EMMPRIN,Fw2,37
102.26343651202117,60.762798092209856,114.74617444529457,WNT-1,Fw2,37
373.4844496728182,886.827027027027,219.07909334353482,Non-phospho-B-catenin,Fw2,37
124.8164840820528,119.88489666136725,126.29982785003826,DKK1,Fw2,37
887.1792352494302,4331.276707885668,395.53549208553983,Concanavadin A,Fw3,0
359.5357052418334,542.5704439489155,333.40755852649244,APC,Fw3,0
115.2958217270195,127.57733630650719,113.54263969673293,Cyclin D1,Fw3,0
358.4911623195746,1312.473342793432,222.31053042798854,Cyclin E,Fw3,0
264.5895416561155,677.0064869247922,205.7171629481726,EMMPRIN,Fw3,0
118.12096733350215,102.37340360835192,120.36892670081315,WNT-1,Fw3,0
329.76748543935173,1267.179201297385,195.95228173741933,Non-phospho-B-catenin,Fw3,0
94.81559888579388,101.7309953375228,93.82842839366843,DKK1,Fw3,0
1473.120274729216,4339.309847660501,1037.8516276956127,Concanavadin A,Fw3,1
347.95800157807906,504.7490478781284,324.1472155663885,APC,Fw3,1
112.5467326590632,116.94804134929271,111.87833594976452,Cyclin D1,Fw3,1
432.37115343232193,1624.6318008705114,251.3106667768322,Cyclin E,Fw3,1
317.90680367262036,633.3781284004352,269.9983268611088,EMMPRIN,Fw3,1
131.1325227745499,67.1860718171926,140.84363380979923,WNT-1,Fw3,1
394.6906785739904,1510.0443416757346,225.30953069486904,Non-phospho-B-catenin,Fw3,1
93.33084068574708,97.95402611534277,92.62874907047839,DKK1,Fw3,1
1440.2488435759465,3717.2317602779385,1098.7285971730682,Concanavadin A,Fw3,2
393.38583970546586,512.6831210191083,375.49267212367283,APC,Fw3,2
115.91737940149154,119.40330052113491,115.39453286145428,Cyclin D1,Fw3,2
460.1787029170207,1290.6706716850028,335.61482510801835,Cyclin E,Fw3,2
314.3762295855754,517.8413433700058,283.8588922422216,EMMPRIN,Fw3,2
123.78329085244972,95.47814128546612,128.02872527520248,WNT-1,Fw3,2
439.9144151798357,1197.377243775333,326.3040363028421,Non-phospho-B-catenin,Fw3,2
95.86260738223355,96.26592356687898,95.80211477082746,DKK1,Fw3,2
2266.8712409407713,6926.8180357962365,1625.3280998262517,Concanavadin A,Fw3,3
407.07475078443895,634.7273978889399,375.7334070447007,APC,Fw3,3
115.03259933912754,124.5497934832492,113.7223503395988,Cyclin D1,Fw3,3
569.192569349957,1733.1044056906837,408.9547622808403,Cyclin E,Fw3,3
300.88792935884265,648.0071133547499,253.0994155741589,EMMPRIN,Fw3,3
134.971066003943,61.8295089490592,145.0405939030169,WNT-1,Fw3,3
491.5080942992808,1653.0908673703534,331.59093350181644,Non-phospho-B-catenin,Fw3,3
92.35945353066948,98.44125745754934,91.52216079608277,DKK1,Fw3,3
8244.914046637545,19050.195373905233,4167.293898305084,Concanavadin A,Fw3,4
1019.9931089644989,1110.6950370536717,985.7646610169492,APC,Fw3,4
135.61379437642282,142.17493824388052,133.1377966101695,Cyclin D1,Fw3,4
967.2236510182736,1954.289692342241,594.7316949152543,Cyclin E,Fw3,4
600.2189749584692,983.3049629463284,455.6527118644068,EMMPRIN,Fw3,4
425.3017904386882,347.17942959802383,454.7830508474576,WNT-1,Fw3,4
815.0489140466375,1874.7963170896026,415.12898305084747,Non-phospho-B-catenin,Fw3,4
122.95422383559958,143.50392993487537,115.19932203389831,DKK1,Fw3,4
3589.8223325902304,5501.921407907425,3005.364356508603,Concanavadin A,Fw3,5
466.59804723876175,620.0755785920926,419.68564164916546,APC,Fw3,5
115.99813753985947,125.77784474445517,113.00884271029071,Cyclin D1,Fw3,5
570.1258853740441,1626.2374638379943,247.3116318484949,Cyclin E,Fw3,5
409.64827722437,712.1573047251687,317.1824545889982,EMMPRIN,Fw3,5
164.89584332759546,97.9538331726133,185.35754025275415,WNT-1,Fw3,5
696.7736546547394,1766.9163452266152,369.6706090416713,Non-phospho-B-catenin,Fw3,5
99.71555154217343,103.0779893924783,98.68777863748572,DKK1,Fw3,5
1054.872013073719,7892.603986135182,893.9120004895661,Concanavadin A,Fw3,6
310.99465890746757,502.2218370883882,306.4931766721743,APC,Fw3,6
109.38874384678239,113.6525129982669,109.28837484446076,Cyclin D1,Fw3,6
303.8541762161947,1615.3084922010398,272.9825796054913,Cyclin E,Fw3,6
273.20507403790583,548.3665511265165,266.72778083756606,EMMPRIN,Fw3,6
119.54590748749428,136.07712305025996,119.15676315198988,WNT-1,Fw3,6
253.99362257608067,1593.6412478336222,222.4583562817453,Non-phospho-B-catenin,Fw3,6
90.6950594894075,97.40381282495667,90.5371356302144,DKK1,Fw3,6
2048.1517726941306,5975.162612035851,1396.2930127523912,Concanavadin A,Fw3,7
463.8281306963179,616.5619398207426,438.47529224229544,APC,Fw3,7
117.81942672256653,125.52352752880923,116.54059511158343,Cyclin D1,Fw3,7
565.5197776157491,1470.8892445582587,415.23421891604676,Cyclin E,Fw3,7
360.2757245716369,661.3681177976953,310.29630712008503,EMMPRIN,Fw3,7
149.68549489609916,83.33658770806659,160.6989904357067,WNT-1,Fw3,7
507.66063616478306,1366.6227592829705,365.07840063761955,Non-phospho-B-catenin,Fw3,7
97.56006197593875,102.06978233034572,96.81147715196599,DKK1,Fw3,7
4725.570918336461,10798.761252961305,2911.730503144654,Concanavadin A,Fw3,8
673.9112537078515,813.1005527770466,632.3404874213836,APC,Fw3,8
123.01791876021551,130.53566728086338,120.77264150943397,Cyclin D1,Fw3,8
780.073975422241,1993.4280073703605,417.6893867924528,Cyclin E,Fw3,8
471.6263090986137,780.8265332982364,379.2794811320755,EMMPRIN,Fw3,8
223.74538410315395,135.1102921821532,250.21745283018868,WNT-1,Fw3,8
746.2834917367879,1913.387470386944,397.712106918239,Non-phospho-B-catenin,Fw3,8
109.28415763666081,114.65754145827849,107.67932389937107,DKK1,Fw3,8
2868.3290050382993,7178.3319831223625,2488.9611522120213,Concanavadin A,Fw3,9
403.61592867188244,675.5410970464135,379.68098761030393,APC,Fw3,9
117.47874766176491,122.24236286919832,117.05945271414565,Cyclin D1,Fw3,9
490.5740384221521,1582.3481856540084,394.4757257034198,Cyclin E,Fw3,9
338.5991889567034,700.9470042194093,306.70521733963216,EMMPRIN,Fw3,9
136.06470596267016,101.80320675105486,139.08041417832843,WNT-1,Fw3,9
450.6186048416827,1578.0978902953586,351.3775143357994,Non-phospho-B-catenin,Fw3,9
98.65476044184109,100.88388185654009,98.45855245565558,DKK1,Fw3,9
2221.0061500615006,4343.875748194015,1379.8789663068367,Concanavadin A,Fw3,10
601.1119311193112,527.1339525283797,630.4236179260713,APC,Fw3,10
118.00843437005798,124.54943240454077,115.41674844618908,Cyclin D1,Fw3,10
778.0654249399637,1511.0487100103198,487.64147857376514,Cyclin E,Fw3,10
606.9069290692906,632.4937048503612,596.7688910696761,EMMPRIN,Fw3,10
169.28313711708546,104.38183694530444,194.99844618907426,WNT-1,Fw3,10
689.1615416154161,1379.3331269349844,415.7005233889434,Non-phospho-B-catenin,Fw3,10
101.74052597668833,101.02683178534572,102.02330716388616,DKK1,Fw3,10
1989.8584771573603,6230.570153215104,1410.3879922849937,Concanavadin A,Fw3,11
524.4598839738941,594.1913379177223,514.9314551359192,APC,Fw3,11
121.13319796954315,129.68669320786586,119.96440876345592,Cyclin D1,Fw3,11
989.0732124728064,1374.1456146700446,936.4551359192892,Cyclin E,Fw3,11
370.0095721537346,700.7390517553384,324.8171642406159,EMMPRIN,Fw3,11
215.39786802030457,45.39847991313789,238.62737178747466,WNT-1,Fw3,11
465.21934735315443,1688.1722765110387,298.10939483358334,Non-phospho-B-catenin,Fw3,11
102.0070775924583,108.1462178791169,101.16819702939286,DKK1,Fw3,11
5440.015208827903,7038.944792671166,5246.001462629808,Concanavadin A,Fw3,12
548.4894216471448,503.96190935390547,553.8923796986983,APC,Fw3,12
126.80486786841625,128.3129218900675,126.6218809419336,Cyclin D1,Fw3,12
564.0592700806094,1106.4033269045324,498.25136755887087,Cyclin E,Fw3,12
423.3341246445621,707.6289778206365,388.8378528594413,EMMPRIN,Fw3,12
152.41601231315056,119.79194792671167,156.37460874652626,WNT-1,Fw3,12
579.9941303837425,1200.1036644165863,504.75018282872605,Non-phospho-B-catenin,Fw3,12
106.69976260663137,100.30737704918033,107.47541319292087,DKK1,Fw3,12
2843.552259962557,7591.625942241802,1058.7657773689052,Concanavadin A,Fw3,13
601.5263171971116,731.9599608418991,552.4967065317387,APC,Fw3,13
121.22423107782829,125.7990210474792,119.50458141674333,Cyclin D1,Fw3,13
744.8416688954266,1682.6063631913853,392.33876724931,Cyclin E,Fw3,13
460.61992511366674,645.9511502692119,390.95448022079114,EMMPRIN,Fw3,13
188.5181064455737,98.62868330885952,222.30726770929164,WNT-1,Fw3,13
694.2665151109923,1597.9485070974058,354.5751977920883,Non-phospho-B-catenin,Fw3,13
101.27630382455202,108.07058247674988,98.72235510579577,DKK1,Fw3,13
1333.4972051267573,3024.179294016358,732.2795254496747,Concanavadin A,Fw3,14
436.27993902094744,535.6325871717606,400.9494833524684,APC,Fw3,14
120.12218395347524,117.3590185105467,121.10478377344049,Cyclin D1,Fw3,14
706.1320648184744,1639.998923805424,374.0428626100268,Cyclin E,Fw3,14
357.1286770933318,452.4425312096427,323.2344431687715,EMMPRIN,Fw3,14
109.07870814747896,64.63452432199742,124.88335246842709,WNT-1,Fw3,14
628.4366213087911,1360.6278519156263,368.0646000765404,Non-phospho-B-catenin,Fw3,14
96.75167974704986,101.14399483426604,95.18974358974359,DKK1,Fw3,14
2502.8825950050586,5024.55425257732,2258.9178022416436,Concanavadin A,Fw3,15
627.0568723072901,537.8623711340206,635.6861948160431,APC,Fw3,15
128.0169377849015,128.97487113402062,127.92426036978394,Cyclin D1,Fw3,15
504.4134979367732,1244.5286082474227,432.8093979478612,Cyclin E,Fw3,15
398.42715047346223,705.0713917525774,368.7601640713636,EMMPRIN,Fw3,15
309.4317316327343,81.99213917525773,331.43588624717927,WNT-1,Fw3,15
510.2845888892678,1391.5681701030928,425.02282786220997,Non-phospho-B-catenin,Fw3,15
106.42938989871432,98.37680412371134,107.20845541024075,DKK1,Fw3,15
3345.2027156072813,3667.839230983561,3306.5027238394437,Concanavadin A,Fw3,16
599.7496120561027,550.8421565895793,605.6160221917717,APC,Fw3,16
130.55076096687557,116.37238785176929,132.25144547307912,Cyclin D1,Fw3,16
617.0643240823634,1795.0327389244915,475.7679556164567,Cyclin E,Fw3,16
389.6719039092808,788.0087768180551,341.89171484910264,EMMPRIN,Fw3,16
162.8568785437183,76.31359710225689,173.23767587981686,WNT-1,Fw3,16
589.1652342584304,2055.4586235720258,413.2845158918485,Non-phospho-B-catenin,Fw3,16
106.86096687555954,99.65171356923935,107.72571103906955,DKK1,Fw3,16
4500.154345154745,9742.148231753197,3271.388669394666,Concanavadin A,Fw3,17
705.3947360900752,851.1723100075244,671.223296176097,APC,Fw3,17
131.373531849227,139.79458239277653,129.39956963454213,Cyclin D1,Fw3,17
819.8124196267825,2293.5235515425134,474.36263581205026,Cyclin E,Fw3,17
566.5724859257566,1077.9550037622273,446.7002963172005,EMMPRIN,Fw3,17
164.4526619609636,131.19789315274642,172.2478481727106,WNT-1,Fw3,17
851.6804503757894,2664.4666666666667,426.74873006914066,Non-phospho-B-catenin,Fw3,17
109.21044208841768,123.30775018811136,105.90591928883872,DKK1,Fw3,17
3408.141232358275,4838.736924277908,3201.428271707988,Concanavadin A,Fw3,18
509.02966569423637,663.3975019516004,486.72438919845695,APC,Fw3,18
123.01636048253567,120.7088212334114,123.34978681164978,Cyclin D1,Fw3,18
781.2109319561617,1255.328024980484,712.7037020326212,Cyclin E,Fw3,18
860.0580107230151,1702.6359094457455,738.310284927922,EMMPRIN,Fw3,18
283.29965307892456,94.72271662763465,310.54795045908816,WNT-1,Fw3,18
494.10555467949223,1529.9550351288055,344.4311818981659,Non-phospho-B-catenin,Fw3,18
102.48062366947883,99.21592505854801,102.95235409569788,DKK1,Fw3,18
3030.740378714824,5672.224392188123,2508.9049893703577,Concanavadin A,Fw3,19
479.1719339002367,486.8658163943138,477.6519776383822,APC,Fw3,19
119.42828964670817,120.2398033745184,119.26797196923965,Cyclin D1,Fw3,19
587.5427149995617,1533.0781187724192,400.74853678381146,Cyclin E,Fw3,19
382.89769439817655,695.7150259067357,321.0994199627306,EMMPRIN,Fw3,19
170.72096081353556,82.04450644347017,188.23933755019553,WNT-1,Fw3,19
556.0863285701762,1676.681944998007,334.70832786541035,Non-phospho-B-catenin,Fw3,19
100.25403261155431,105.06589610734689,99.30343035615863,DKK1,Fw3,19
3457.8259668508285,7774.715310344827,2743.14182955791,Concanavadin A,Fw3,20
490.6122604913601,782.72,442.25226068688346,APC,Fw3,20
123.44461423925395,126.38468965517241,122.95786901717209,Cyclin D1,Fw3,20
498.9871674307433,1301.6195862068967,366.1070743514797,Cyclin E,Fw3,20
357.88579992946984,669.5471724137931,306.28859152356597,EMMPRIN,Fw3,20
184.32289095254887,119.71475862068965,195.01911308001462,WNT-1,Fw3,20
471.2462677794757,1428.586620689655,312.7534481183778,Non-phospho-B-catenin,Fw3,20
107.19209670467458,102.40510344827587,107.98460906101572,DKK1,Fw3,20
5516.679799700943,8988.949565936337,4814.357749069777,Concanavadin A,Fw3,21
733.5833362311785,612.8530384456387,758.0029683515197,APC,Fw3,21
140.9501338804465,128.80053741215377,143.40758392909402,Cyclin D1,Fw3,21
1544.4245922731857,1319.648408433237,1589.8891676073415,Cyclin E,Fw3,21
371.538825329485,442.75713104588675,357.1337848572265,EMMPRIN,Fw3,21
417.09834127342907,163.86730053741215,468.3183661524311,WNT-1,Fw3,21
630.3281983517056,1848.50744109136,383.9319787616539,Non-phospho-B-catenin,Fw3,21
115.77233369266614,110.97436957420422,116.74279861198211,DKK1,Fw3,21
2087.6643804034584,5337.034794245567,1666.0474257683625,Concanavadin A,Fw3,22
530.4824207492795,650.4944797591168,514.9104445216184,APC,Fw3,22
124.7445725264169,119.73218467714955,125.39494703941656,Cyclin D1,Fw3,22
590.2908165225745,1464.8839076614252,476.8093636047925,Cyclin E,Fw3,22
436.27225744476465,612.9340916694547,413.3497786073971,EMMPRIN,Fw3,22
200.9255715658021,82.25510204081633,216.32347195693697,WNT-1,Fw3,22
527.6355619596542,1725.583807293409,372.19766886612257,Non-phospho-B-catenin,Fw3,22
102.24153698366955,102.8355637336902,102.16445997569022,DKK1,Fw3,22
1589.597521442561,197.86579797304822,1838.2862345519313,Concanavadin A,Fw3,23
381.52291146079557,347.8832832163938,387.53398077573684,APC,Fw3,23
114.12196933882623,105.97115491702863,115.5784393719278,Cyclin D1,Fw3,23
415.3795670966435,1109.9133533801091,291.27323926844315,Cyclin E,Fw3,23
316.0413824542446,490.01113709767236,284.9547055662799,EMMPRIN,Fw3,23
125.36237928007024,27.388350595834726,142.86937053473702,WNT-1,Fw3,23
452.89079489430674,1235.2639492148346,313.0884395709367,Non-phospho-B-catenin,Fw3,23
94.3819139596137,86.0066822586034,95.87848514398297,DKK1,Fw3,23
1976.5083075879738,3943.5356437148503,1698.235587571229,Concanavadin A,Fw3,24
462.7280159746816,504.62091503267976,456.8014837114289,APC,Fw3,24
120.68412327631678,124.73977808177534,120.11037522847006,Cyclin D1,Fw3,24
547.3297792178435,1410.3841009271925,425.2346414364047,Cyclin E,Fw3,24
401.08488433426265,646.3587171302629,366.38632405117727,EMMPRIN,Fw3,24
185.60641624594982,76.87840097279222,200.98802279324804,WNT-1,Fw3,24
524.3468088312862,1681.5201398388813,360.64304913450167,Non-phospho-B-catenin,Fw3,24
101.31242935724512,102.45508435932513,101.15077948607677,DKK1,Fw3,24
2265.916129173797,3885.4789987999316,2028.2520314976477,Concanavadin A,Fw3,25
426.2593128866658,713.132350420024,384.161890865179,APC,Fw3,25
120.45932604975648,117.94788273615636,120.82786988351909,Cyclin D1,Fw3,25
584.692225001097,1628.6432367563862,431.49676721426954,Cyclin E,Fw3,25
307.078342328112,674.1155494599691,253.21716269591687,EMMPRIN,Fw3,25
138.39721820016672,79.82204697411281,146.9928803240333,WNT-1,Fw3,25
441.72333377210305,1884.3080747471283,230.03003849153438,Non-phospho-B-catenin,Fw3,25
95.50695449958317,97.13920795474027,95.26742811139903,DKK1,Fw3,25
3620.070486387422,8745.985461594379,2346.269426463947,Concanavadin A,Fw3,26
453.38814536159543,668.3697601163072,399.9647448441969,APC,Fw3,26
126.67783163326823,126.66961473225103,126.67987355110643,Cyclin D1,Fw3,26
721.078564710989,1473.3645505209595,534.13385518591,Cyclin E,Fw3,26
404.852853939087,692.0224133753331,333.49059160018066,EMMPRIN,Fw3,26
163.96718030335913,114.77792585413133,176.19081740177631,WNT-1,Fw3,26
591.0301188839857,1983.361521686455,245.03272617793166,Non-phospho-B-catenin,Fw3,26
100.91523788854325,112.65737824085292,97.99729038085202,DKK1,Fw3,26
2133.6336848030833,5939.339795918368,1469.7858468736492,Concanavadin A,Fw3,27
338.85153831164615,595.6981049562683,294.04854171434386,APC,Fw3,27
110.8553056054734,121.16618075801749,109.05672947338978,Cyclin D1,Fw3,27
444.05705068525776,1483.6472303206997,262.71627634958173,Cyclin E,Fw3,27
296.1525537488904,696.5750728862973,226.30490502708062,EMMPRIN,Fw3,27
121.50085521900101,104.5667638483965,124.45475118875073,WNT-1,Fw3,27
416.6702318834304,1669.1384839650145,198.19609937193277,Non-phospho-B-catenin,Fw3,27
92.37616645376404,101.70276967930029,90.74928166399674,DKK1,Fw3,27
3875.2984249047186,4259.804467653032,3824.714792763911,Concanavadin A,Fw3,28
383.711288744983,503.53495793443574,367.9479047400962,APC,Fw3,28
112.23359978414112,120.10443864229765,111.19815281276239,Cyclin D1,Fw3,28
540.6607980033053,1518.9788221642007,411.95832379207695,Cyclin E,Fw3,28
322.68073122196364,884.4577893820714,248.77623845507978,EMMPRIN,Fw3,28
145.8339910283652,72.61299680881926,155.4665674376002,WNT-1,Fw3,28
381.9032345104388,1777.7667536988686,198.2706281963209,Non-phospho-B-catenin,Fw3,28
99.41937333468245,97.6301131418625,99.65475917868865,DKK1,Fw3,28
2353.691016375446,2017.5272363818092,2429.017301231803,Concanavadin A,Fw3,29
361.82005306010427,471.43728135932037,337.2574468085106,APC,Fw3,29
110.71146281218553,112.67691154422789,110.27105263157895,Cyclin D1,Fw3,29
700.0341688775044,1119.1941529235382,606.1104143337066,Cyclin E,Fw3,29
368.8174915378282,591.6816591704148,318.87894736842105,EMMPRIN,Fw3,29
139.11110602872563,54.500999500249875,158.07021276595745,WNT-1,Fw3,29
372.57789772207485,1461.0789605197401,128.67077267637177,Non-phospho-B-catenin,Fw3,29
93.12835056262007,92.90179910044978,93.17911534154536,DKK1,Fw3,29
2475.8285303333846,6444.740703005604,1473.1936168843704,Concanavadin A,Fw3,30
459.8513895310012,554.6693835965359,435.89826909465285,APC,Fw3,30
122.5958802075307,116.2093734080489,124.209252943826,Cyclin D1,Fw3,30
484.4932963476653,1284.7175241976568,282.33897432597644,Cyclin E,Fw3,30
377.17974007294396,762.0175751400917,279.9611994080175,EMMPRIN,Fw3,30
151.94708994708995,113.23127865511971,161.7275593591146,WNT-1,Fw3,30
472.4976113422715,1455.0430463576158,224.28492375008042,Non-phospho-B-catenin,Fw3,30
100.92207325217034,99.06724401426388,101.3906441026961,DKK1,Fw3,30
